order_id,user_id,product_id,quantity,price,purchase_time
1,241,17,3,246.79,2026-06-29 00:48:18
2,219,18,1,339.73,2026-04-30 07:48:02
3,160,4,1,370.52,2026-06-19 03:42:08
4,89,13,1,17.79,2026-05-07 07:17:19
5,208,19,2,170.48,2026-05-20 11:17:37
6,257,12,1,336.73,2026-05-19 10:03:26
7,81,13,3,162.47,2026-06-27 21:26:05
8,23,16,3,25.37,2026-05-15 23:30:49
9,212,18,3,121.13,2026-06-30 03:42:19
10,427,11,1,220.47,2026-07-05 08:54:22
11,201,20,4,156.95,2026-06-10 18:56:30
12,428,15,2,21.36,2026-06-11 07:59:37
13,258,13,2,215.1,2026-06-26 00:33:47
14,281,18,5,327.51,2026-04-23 15:04:05
15,140,8,5,89.58,2026-07-04 10:51:31
16,39,7,1,316.7,2026-07-12 17:09:44
17,182,8,3,105.84,2026-04-24 08:44:24
18,422,19,1,61.89,2026-06-11 10:08:22
19,253,16,4,39.04,2026-07-04 05:30:45
20,274,5,4,106.4,2026-07-17 11:49:44
21,200,14,1,147.71,2026-06-02 04:09:33
22,299,8,3,80.65,2026-06-25 00:10:37
23,410,16,1,165.26,2026-05-04 03:51:28
24,362,8,3,58.22,2026-07-03 01:00:56
25,169,19,2,16.23,2026-04-25 13:10:30
26,57,16,2,323.26,2026-06-21 12:47:03
27,74,15,4,82.15,2026-06-03 02:49:05
28,123,19,5,225.34,2026-06-04 16:11:54
29,110,11,1,213.02,2026-05-17 13:24:02
30,115,8,2,236.33,2026-05-19 04:44:58
31,199,18,4,281.27,2026-05-29 03:05:38
32,226,6,5,382.75,2026-05-09 08:30:32
33,262,7,5,331.14,2026-06-06 09:11:32
34,388,13,5,195.47,2026-05-05 04:18:24
35,191,3,5,23.63,2026-07-03 18:25:53
36,240,4,4,286.13,2026-06-10 23:37:21
37,342,2,4,283.86,2026-05-21 10:28:14
38,191,6,2,182.56,2026-05-08 18:26:00
39,475,14,2,21.93,2026-05-14 22:41:53
40,33,10,4,166.2,2026-05-14 05:14:16
41,105,10,3,304.45,2026-05-29 03:54:04
42,197,2,4,393.67,2026-05-12 04:14:01
43,341,14,1,101.93,2026-05-05 10:08:56
44,288,8,4,189.9,2026-05-28 20:40:33
45,46,16,1,358.44,2026-05-15 03:41:20
46,350,4,4,165.91,2026-06-28 14:06:08
47,496,4,4,187.49,2026-05-06 22:49:27
48,444,4,4,243.37,2026-06-21 08:52:35
49,326,14,4,185.13,2026-05-24 07:38:11
50,476,12,2,394.58,2026-06-25 22:20:25
51,161,6,3,145.83,2026-05-12 10:15:07
52,317,9,3,314.04,2026-06-01 13:31:28
53,33,3,1,225.06,2026-06-26 20:16:32
54,219,19,4,388.96,2026-05-14 16:00:21
55,201,12,3,67.2,2026-07-15 13:53:13
56,159,11,2,18.04,2026-06-10 22:11:57
57,103,13,3,323.16,2026-06-19 02:02:17
58,359,11,4,283.12,2026-05-16 01:38:53
59,233,1,2,396.53,2026-05-04 11:26:22
60,375,9,3,259.58,2026-05-31 13:34:09
61,260,15,1,147.82,2026-07-11 05:15:35
62,43,12,1,269.62,2026-05-30 01:54:32
63,213,7,1,359.37,2026-05-10 15:16:48
64,445,14,2,47.46,2026-07-07 04:53:33
65,310,15,5,254.81,2026-05-19 09:30:53
66,10,10,4,397.31,2026-05-21 13:33:16
67,144,9,1,377.29,2026-05-01 19:42:25
68,152,10,2,290.03,2026-05-07 13:25:00
69,357,15,3,96.46,2026-06-28 05:58:48
70,202,7,5,137.04,2026-05-18 08:52:38
71,298,8,4,232.97,2026-04-23 12:44:35
72,348,3,3,337.1,2026-07-01 09:13:31
73,105,16,3,240.5,2026-07-16 06:16:40
74,336,18,2,15.21,2026-06-06 01:04:22
75,362,14,3,42.19,2026-07-21 21:20:18
76,155,3,3,328.15,2026-05-12 03:38:53
77,453,7,4,260.78,2026-07-20 21:07:10
78,192,17,2,279.57,2026-05-25 22:23:45
79,452,15,4,144.92,2026-07-17 05:46:58
80,471,12,5,67.82,2026-06-27 21:15:54
81,164,14,2,297.04,2026-05-27 18:47:57
82,177,20,5,34.25,2026-06-12 10:23:34
83,12,1,4,295.68,2026-06-05 23:53:27
84,84,11,5,106.8,2026-05-01 22:25:35
85,462,11,3,45.79,2026-05-25 18:34:07
86,297,14,1,44.78,2026-07-03 23:07:23
87,226,19,5,294.49,2026-07-20 08:07:02
88,340,7,4,82.94,2026-05-05 06:16:28
89,350,7,3,153.99,2026-04-25 16:31:34
90,339,13,3,111.04,2026-07-05 00:05:23
91,286,19,3,285.89,2026-05-01 16:57:19
92,217,3,4,30.95,2026-05-22 09:11:52
93,384,6,2,259.98,2026-04-27 17:29:18
94,246,1,2,49.24,2026-05-25 09:54:40
95,494,3,4,310.0,2026-06-25 20:27:08
96,495,5,2,266.29,2026-06-06 06:06:57
97,213,6,3,193.58,2026-04-23 16:13:57
98,97,10,4,39.41,2026-05-07 04:17:39
99,309,20,5,351.86,2026-05-16 05:09:32
100,25,9,4,61.36,2026-05-09 20:27:05
101,175,12,1,212.34,2026-05-05 13:28:06
102,175,7,1,238.23,2026-06-02 19:32:50
103,311,11,5,382.51,2026-07-07 03:15:04
104,130,20,5,302.58,2026-06-09 14:49:55
105,392,5,4,378.15,2026-05-05 08:38:05
106,209,16,4,101.76,2026-05-27 04:04:52
107,20,16,5,175.6,2026-05-07 20:03:44
108,488,16,2,92.97,2026-05-08 06:59:04
109,247,20,5,100.61,2026-05-04 00:16:28
110,173,3,3,52.39,2026-06-21 00:47:57
111,126,19,1,174.63,2026-04-29 19:45:08
112,55,11,1,233.48,2026-07-17 16:40:40
113,118,4,2,259.72,2026-06-29 17:15:27
114,299,1,3,135.97,2026-05-23 06:41:54
115,404,6,5,51.52,2026-05-03 03:48:12
116,270,11,2,307.27,2026-05-20 15:39:31
117,256,18,3,208.98,2026-05-08 21:06:15
118,330,12,3,292.14,2026-06-20 06:22:04
119,118,3,4,329.86,2026-04-28 08:21:54
120,241,4,4,354.9,2026-07-10 02:16:55
121,374,5,2,221.15,2026-06-13 01:07:27
122,408,1,5,353.65,2026-05-22 04:17:52
123,390,2,4,215.34,2026-04-25 12:37:26
124,432,7,2,109.02,2026-05-10 02:54:03
125,141,11,4,137.99,2026-04-29 07:55:11
126,392,3,2,97.29,2026-05-11 15:19:21
127,240,17,3,231.42,2026-06-14 12:56:54
128,271,19,3,323.48,2026-05-19 22:54:31
129,135,19,5,164.52,2026-05-08 06:47:05
130,462,17,4,33.24,2026-05-08 07:23:41
131,465,12,4,115.7,2026-06-30 16:54:52
132,449,12,3,373.93,2026-07-13 11:19:41
133,138,9,2,110.98,2026-07-16 03:40:05
134,227,14,5,289.1,2026-06-30 09:01:13
135,224,9,5,357.72,2026-05-08 23:21:12
136,365,5,2,305.99,2026-06-01 01:12:49
137,222,18,2,22.27,2026-05-29 07:59:14
138,154,16,4,138.42,2026-07-09 11:09:58
139,360,3,4,349.13,2026-07-18 07:06:39
140,210,5,2,116.22,2026-07-06 09:15:45
141,59,17,3,200.72,2026-06-04 01:34:00
142,357,15,4,74.1,2026-06-25 05:52:16
143,23,3,2,150.39,2026-05-01 05:36:04
144,89,2,1,329.71,2026-07-13 21:33:41
145,228,13,5,380.95,2026-05-05 00:14:21
146,351,15,2,75.5,2026-07-14 05:46:33
147,9,19,4,126.2,2026-05-07 07:47:17
148,198,19,3,97.62,2026-05-30 15:25:58
149,276,3,3,304.25,2026-05-18 16:28:49
150,3,3,3,216.43,2026-06-18 03:38:41
151,184,12,1,92.76,2026-06-09 09:54:20
152,263,13,3,62.68,2026-07-18 16:30:20
153,175,9,1,391.46,2026-05-07 13:01:08
154,52,4,4,57.17,2026-07-07 16:18:26
155,132,10,1,301.68,2026-05-15 20:22:23
156,217,12,4,228.3,2026-05-17 15:29:22
157,432,4,4,144.9,2026-06-10 05:16:13
158,134,3,3,329.97,2026-06-06 17:00:42
159,256,4,1,78.76,2026-06-29 19:04:33
160,177,16,5,80.17,2026-07-14 14:16:57
161,177,8,5,31.05,2026-06-23 17:17:13
162,309,13,2,345.1,2026-05-21 18:17:50
163,403,6,1,119.91,2026-06-28 01:23:45
164,180,6,5,129.73,2026-06-08 02:10:43
165,286,1,1,32.69,2026-07-01 22:22:53
166,224,8,1,88.42,2026-07-18 21:09:49
167,499,3,4,229.46,2026-07-10 05:05:46
168,304,20,1,276.5,2026-07-20 08:00:39
169,202,1,5,385.7,2026-06-13 00:07:42
170,166,6,5,267.92,2026-06-05 14:00:12
171,67,4,2,260.33,2026-06-04 21:18:17
172,214,10,3,65.04,2026-07-05 16:32:42
173,164,13,2,356.19,2026-06-08 03:23:52
174,228,15,4,353.28,2026-05-01 06:57:00
175,8,1,1,381.86,2026-07-15 10:18:40
176,134,8,5,242.26,2026-06-29 23:54:08
177,386,17,1,270.9,2026-05-17 21:10:28
178,397,19,4,211.76,2026-06-02 18:06:32
179,467,10,2,307.44,2026-05-07 06:04:12
180,364,5,4,61.16,2026-05-01 23:23:15
181,126,3,3,182.78,2026-07-02 17:54:10
182,122,19,1,293.42,2026-07-16 03:38:36
183,4,19,4,56.33,2026-05-07 11:57:03
184,35,18,5,303.33,2026-06-24 23:07:12
185,175,12,2,362.92,2026-06-10 17:42:35
186,116,11,3,371.79,2026-05-28 21:23:58
187,441,18,5,301.88,2026-07-13 09:48:02
188,458,14,3,103.06,2026-06-26 11:58:35
189,310,11,2,110.65,2026-05-01 13:11:05
190,34,10,3,212.17,2026-06-01 06:27:37
191,74,2,5,264.35,2026-05-29 08:52:02
192,158,11,2,239.4,2026-06-12 17:06:41
193,63,12,3,171.43,2026-05-30 11:10:01
194,491,9,1,109.33,2026-06-06 18:01:08
195,204,17,2,54.03,2026-06-11 16:44:24
196,248,15,1,210.22,2026-06-01 20:28:36
197,144,16,3,226.91,2026-07-06 05:45:22
198,328,15,1,347.15,2026-06-25 23:41:46
199,376,8,1,21.14,2026-05-24 21:20:27
200,331,19,2,340.8,2026-04-25 05:41:56
201,117,4,4,152.7,2026-05-11 15:43:50
202,24,10,2,345.02,2026-07-15 06:27:25
203,279,17,1,367.84,2026-05-09 18:55:24
204,300,18,1,262.95,2026-07-07 18:01:08
205,217,18,1,166.69,2026-07-14 03:15:51
206,203,3,5,351.19,2026-06-12 18:20:25
207,252,14,4,189.61,2026-04-23 13:58:07
208,208,3,1,80.88,2026-04-24 13:31:45
209,281,2,5,297.69,2026-06-03 19:38:08
210,83,13,4,67.42,2026-07-12 06:26:13
211,17,6,2,222.69,2026-04-27 15:38:16
212,42,10,4,222.95,2026-06-11 23:56:05
213,164,10,5,350.97,2026-06-09 22:36:15
214,372,10,2,324.62,2026-05-05 18:01:50
215,97,11,4,41.25,2026-06-26 06:03:13
216,228,8,2,95.09,2026-07-17 10:11:38
217,233,16,4,153.71,2026-05-12 13:17:26
218,183,4,5,285.15,2026-06-19 15:30:59
219,252,7,3,146.3,2026-05-04 06:23:12
220,23,16,1,42.87,2026-05-02 22:29:16
221,410,9,4,84.05,2026-06-25 03:15:31
222,219,15,5,64.92,2026-04-25 10:00:29
223,194,18,4,246.7,2026-06-08 21:54:43
224,470,17,1,20.92,2026-05-25 05:05:09
225,1,14,4,247.7,2026-04-27 01:25:06
226,124,17,2,85.87,2026-07-13 14:39:34
227,90,12,2,315.0,2026-05-29 12:23:49
228,172,20,1,84.58,2026-05-12 15:30:00
229,166,20,4,242.54,2026-04-28 19:55:36
230,277,1,5,195.95,2026-04-23 07:52:41
231,495,6,5,217.4,2026-07-02 08:00:54
232,116,13,2,138.16,2026-07-12 00:31:43
233,47,16,3,176.35,2026-06-29 12:45:24
234,378,2,1,261.28,2026-05-13 21:30:19
235,396,4,3,98.27,2026-05-01 03:00:53
236,274,11,1,204.11,2026-05-25 00:58:21
237,480,17,1,94.89,2026-06-16 06:32:53
238,278,10,3,103.67,2026-07-08 13:42:55
239,368,18,3,241.84,2026-06-15 19:34:12
240,1,1,4,216.36,2026-06-25 18:03:06
241,88,15,3,58.04,2026-06-28 09:28:11
242,262,2,5,170.92,2026-06-08 00:36:23
243,446,13,5,245.04,2026-05-16 10:02:12
244,465,10,4,345.01,2026-07-05 14:45:24
245,453,13,1,228.61,2026-05-04 18:01:32
246,347,3,3,86.48,2026-05-29 14:02:17
247,280,10,4,58.02,2026-05-29 01:17:55
248,255,8,5,55.83,2026-06-30 00:54:06
249,442,11,4,297.69,2026-07-05 19:46:02
250,423,9,4,395.17,2026-06-16 13:48:41
251,40,18,3,329.94,2026-07-05 05:51:02
252,341,13,1,15.23,2026-06-28 20:53:40
253,467,14,4,118.9,2026-06-04 14:19:07
254,431,1,2,227.77,2026-06-23 16:13:57
255,311,10,4,244.29,2026-05-27 16:58:40
256,105,11,5,35.75,2026-05-21 05:24:04
257,224,14,5,29.23,2026-05-28 10:37:11
258,112,7,1,269.97,2026-05-24 23:36:14
259,212,16,5,88.9,2026-06-19 06:57:41
260,284,18,3,267.62,2026-06-25 09:28:03
261,386,5,4,73.95,2026-04-30 00:19:38
262,297,20,2,243.18,2026-05-04 01:38:52
263,469,20,5,331.73,2026-05-14 22:12:19
264,56,16,1,383.56,2026-05-03 11:01:52
265,161,9,2,230.05,2026-06-07 03:39:05
266,333,14,2,51.6,2026-06-01 07:20:58
267,333,13,2,270.41,2026-07-06 18:54:05
268,409,17,2,69.53,2026-05-29 05:23:01
269,5,14,3,391.59,2026-07-21 18:44:01
270,123,4,3,306.38,2026-07-20 07:09:29
271,457,4,1,44.58,2026-07-12 19:55:12
272,395,20,4,332.95,2026-04-28 20:42:55
273,379,14,3,70.12,2026-05-31 16:21:55
274,189,3,3,22.28,2026-06-29 08:41:09
275,393,12,3,336.48,2026-05-03 01:10:28
276,134,13,2,125.16,2026-05-30 18:01:54
277,82,19,3,252.47,2026-05-03 03:12:13
278,221,5,1,104.01,2026-06-12 23:01:03
279,284,11,3,304.45,2026-07-03 15:07:23
280,82,16,2,45.69,2026-04-25 08:19:27
281,249,19,3,96.68,2026-05-01 18:50:39
282,311,3,5,266.43,2026-06-01 17:14:47
283,491,14,2,372.78,2026-04-25 04:07:52
284,220,7,5,340.72,2026-04-27 16:31:03
285,132,7,2,29.94,2026-06-13 07:51:32
286,334,16,3,73.6,2026-04-27 11:45:52
287,206,6,4,142.96,2026-06-13 20:10:23
288,328,16,5,317.25,2026-07-15 16:52:16
289,373,3,2,98.04,2026-05-13 05:02:42
290,353,9,5,139.02,2026-05-26 17:15:28
291,249,8,5,303.51,2026-07-06 12:22:14
292,193,7,4,305.79,2026-07-10 07:41:41
293,203,18,1,193.55,2026-07-20 05:02:05
294,159,7,3,100.76,2026-06-15 14:44:37
295,141,9,4,39.92,2026-06-23 07:33:28
296,254,11,4,62.21,2026-04-30 15:40:36
297,414,7,3,362.35,2026-06-06 05:30:34
298,146,9,5,136.9,2026-07-14 05:46:56
299,344,2,4,76.35,2026-05-19 15:31:00
300,377,12,5,172.48,2026-05-26 13:17:30
301,474,20,5,310.58,2026-07-13 07:28:54
302,384,18,1,350.72,2026-04-23 05:51:12
303,416,20,2,383.54,2026-05-18 04:49:35
304,403,6,4,374.71,2026-06-05 16:28:11
305,206,7,4,363.77,2026-06-28 00:21:22
306,469,6,1,108.48,2026-05-24 04:07:14
307,107,20,1,42.14,2026-07-08 17:43:44
308,441,9,4,38.55,2026-05-30 21:06:42
309,499,3,1,250.66,2026-07-16 22:55:47
310,104,7,5,88.66,2026-04-24 10:54:17
311,158,7,2,246.31,2026-07-15 07:30:41
312,271,10,3,343.46,2026-05-20 22:37:46
313,404,2,3,265.9,2026-06-06 15:52:31
314,281,10,2,338.24,2026-04-30 20:00:33
315,262,11,4,39.12,2026-04-27 02:33:07
316,486,14,4,79.31,2026-05-07 15:35:39
317,102,8,1,153.89,2026-06-23 17:02:26
318,228,2,5,100.97,2026-06-04 19:41:10
319,3,11,3,87.37,2026-05-21 12:19:05
320,319,8,3,353.57,2026-06-23 17:35:09
321,298,16,5,268.37,2026-07-19 00:19:39
322,67,13,5,369.47,2026-05-05 10:51:21
323,303,12,4,109.28,2026-05-11 17:39:00
324,351,11,4,170.55,2026-05-04 06:30:30
325,190,3,4,156.99,2026-06-25 15:12:28
326,88,18,1,109.77,2026-05-10 21:56:24
327,87,10,4,306.81,2026-05-01 04:25:52
328,458,2,1,398.93,2026-05-05 05:11:16
329,371,14,1,158.47,2026-07-02 04:57:03
330,231,3,3,384.32,2026-07-17 00:16:10
331,104,8,1,271.87,2026-05-19 05:30:18
332,279,2,4,92.21,2026-05-01 19:20:21
333,493,15,2,304.8,2026-05-21 03:48:27
334,171,7,5,56.62,2026-06-29 22:54:57
335,373,2,1,109.92,2026-07-18 17:28:44
336,65,19,1,344.67,2026-05-12 05:53:04
337,72,12,5,90.76,2026-05-09 15:33:24
338,456,3,5,384.99,2026-05-17 21:21:09
339,359,2,2,199.67,2026-05-09 20:38:00
340,285,4,3,301.69,2026-05-27 19:30:29
341,254,2,2,34.18,2026-06-27 02:19:05
342,21,19,4,44.01,2026-06-17 03:39:26
343,233,13,3,192.47,2026-06-20 12:14:25
344,131,11,4,399.7,2026-05-28 08:39:04
345,350,7,1,358.99,2026-07-09 08:31:00
346,276,10,1,296.96,2026-04-23 21:11:55
347,213,1,4,318.89,2026-06-20 09:33:12
348,305,12,1,189.6,2026-06-05 14:56:10
349,466,1,1,359.4,2026-04-24 20:42:36
350,334,13,5,283.8,2026-05-29 15:54:55
351,57,18,2,198.53,2026-07-13 16:16:32
352,15,7,1,165.85,2026-05-11 02:31:15
353,125,16,4,364.88,2026-04-29 20:15:03
354,380,2,5,79.54,2026-05-09 18:16:34
355,444,6,1,169.92,2026-06-10 14:38:01
356,136,5,1,185.03,2026-05-02 11:55:01
357,275,14,5,219.61,2026-06-09 17:15:09
358,189,18,2,44.74,2026-07-08 09:14:02
359,289,14,5,51.45,2026-07-05 10:28:17
360,55,7,1,296.2,2026-05-14 00:58:57
361,204,11,5,362.92,2026-06-14 21:38:51
362,199,17,4,150.21,2026-06-20 12:08:45
363,131,17,1,122.46,2026-05-26 08:45:49
364,191,5,5,77.35,2026-05-19 17:01:36
365,118,16,4,144.68,2026-06-22 18:29:07
366,429,16,3,150.19,2026-06-23 18:23:23
367,383,11,5,194.94,2026-06-21 23:14:55
368,215,18,4,33.91,2026-07-21 09:14:15
369,219,11,3,143.36,2026-06-21 17:18:13
370,29,1,1,82.17,2026-05-26 19:49:34
371,408,17,4,155.88,2026-06-01 06:33:30
372,52,10,4,386.05,2026-06-28 20:12:41
373,271,3,3,173.17,2026-05-29 05:44:06
374,410,17,3,99.08,2026-06-26 16:10:09
375,362,13,3,126.08,2026-06-12 04:52:41
376,94,8,5,383.63,2026-04-30 10:03:07
377,218,11,1,26.64,2026-07-17 04:04:16
378,394,13,5,388.62,2026-06-19 20:35:40
379,285,19,1,91.02,2026-05-22 02:49:22
380,182,10,4,50.15,2026-07-20 03:46:24
381,414,2,3,24.27,2026-05-14 12:39:13
382,213,1,1,171.76,2026-05-29 00:17:27
383,283,19,4,397.74,2026-07-08 20:22:30
384,57,17,5,27.52,2026-06-06 15:52:57
385,87,12,5,78.95,2026-04-25 03:43:15
386,499,11,1,34.04,2026-06-14 02:33:59
387,231,10,5,37.33,2026-07-14 16:04:28
388,106,13,1,227.07,2026-05-10 08:03:57
389,59,12,1,164.05,2026-06-13 18:40:16
390,314,11,4,97.51,2026-05-29 12:03:00
391,65,20,5,195.2,2026-05-14 00:29:12
392,394,14,1,309.01,2026-06-24 10:40:29
393,299,1,1,356.16,2026-05-23 11:25:50
394,98,17,4,335.67,2026-04-28 22:23:21
395,333,16,2,99.77,2026-06-08 07:42:37
396,231,2,4,370.95,2026-05-16 13:52:27
397,138,9,4,180.07,2026-07-07 14:47:51
398,5,12,4,33.49,2026-06-05 06:23:56
399,409,11,5,55.12,2026-07-05 00:18:09
400,339,2,4,324.53,2026-07-06 09:52:32
401,148,19,5,187.39,2026-06-24 13:10:34
402,52,20,5,233.46,2026-05-22 05:17:44
403,494,18,5,208.62,2026-05-03 17:37:25
404,207,16,1,347.41,2026-05-13 17:37:15
405,340,10,3,352.88,2026-06-18 21:54:01
406,429,17,3,319.56,2026-06-05 04:56:19
407,71,17,5,340.94,2026-06-25 14:07:39
408,117,13,5,235.69,2026-06-06 15:24:14
409,224,8,4,304.18,2026-05-07 18:39:54
410,447,6,2,344.79,2026-07-04 15:21:23
411,460,18,3,249.34,2026-06-21 08:26:55
412,69,18,5,138.81,2026-05-12 03:24:58
413,483,4,4,361.41,2026-06-26 23:39:35
414,128,13,5,278.33,2026-04-23 22:19:36
415,114,2,2,72.9,2026-05-08 00:06:30
416,253,4,5,182.14,2026-07-05 10:45:48
417,228,5,5,353.9,2026-05-11 03:24:03
418,311,12,4,162.71,2026-07-08 23:23:00
419,404,16,4,279.35,2026-06-03 19:06:04
420,325,10,1,319.83,2026-07-18 01:46:36
421,60,20,4,293.63,2026-05-11 19:09:05
422,139,14,3,106.74,2026-06-25 07:25:03
423,152,5,5,340.02,2026-05-10 23:00:24
424,75,16,3,179.78,2026-07-05 09:39:22
425,491,15,2,52.44,2026-05-10 19:52:23
426,360,12,2,209.42,2026-07-02 17:15:56
427,360,14,5,232.31,2026-06-07 17:23:55
428,389,11,5,85.31,2026-06-23 14:09:41
429,369,7,4,96.53,2026-05-09 08:12:33
430,283,12,5,168.41,2026-07-13 17:53:07
431,456,12,3,305.1,2026-05-19 19:52:03
432,345,3,2,245.81,2026-05-23 14:44:15
433,83,10,1,274.81,2026-07-14 17:48:15
434,367,16,2,261.85,2026-07-19 07:48:44
435,2,15,2,202.58,2026-06-07 02:17:57
436,474,4,2,329.06,2026-05-21 03:33:06
437,432,11,3,309.24,2026-06-07 10:42:11
438,93,18,5,124.33,2026-07-04 23:21:19
439,85,16,1,93.03,2026-06-27 07:26:38
440,477,18,5,287.24,2026-06-24 13:58:25
441,415,4,4,320.03,2026-06-26 07:57:34
442,223,9,4,358.34,2026-05-06 01:08:15
443,207,9,4,86.49,2026-06-08 16:22:31
444,199,6,1,162.48,2026-06-04 17:12:48
445,398,20,5,291.29,2026-04-30 00:48:24
446,368,1,2,259.41,2026-06-19 09:37:19
447,342,18,2,109.2,2026-05-16 12:40:59
448,19,6,4,18.64,2026-05-10 12:05:30
449,212,11,4,350.38,2026-07-12 07:30:11
450,149,18,5,36.8,2026-07-16 11:38:37
451,75,16,1,75.23,2026-06-26 08:17:16
452,208,14,1,194.58,2026-06-28 23:02:52
453,236,17,3,80.61,2026-06-03 11:34:12
454,100,3,3,285.8,2026-05-14 16:21:23
455,382,2,5,204.89,2026-07-04 05:42:53
456,40,20,3,299.0,2026-06-19 18:48:17
457,56,4,5,57.28,2026-05-26 04:55:48
458,184,10,4,110.01,2026-06-11 08:34:42
459,201,17,3,359.7,2026-06-12 17:10:54
460,292,8,1,301.71,2026-04-25 06:19:38
461,302,18,2,101.14,2026-06-10 07:27:26
462,237,8,1,37.91,2026-07-20 15:20:28
463,356,18,3,80.25,2026-05-14 22:51:32
464,443,14,3,365.14,2026-06-19 23:56:27
465,24,20,5,390.99,2026-05-31 06:05:58
466,307,5,5,315.75,2026-05-13 08:20:00
467,411,9,2,188.63,2026-06-03 23:06:01
468,443,9,5,283.7,2026-06-30 05:41:29
469,47,17,5,383.22,2026-07-04 16:14:38
470,423,20,5,292.22,2026-07-06 21:48:04
471,470,11,5,211.94,2026-06-02 18:34:40
472,192,5,5,154.68,2026-05-20 00:11:18
473,85,16,1,388.59,2026-05-09 13:16:13
474,54,5,2,33.66,2026-05-22 14:07:46
475,371,18,4,244.01,2026-06-30 15:18:54
476,137,6,5,155.59,2026-05-27 02:35:28
477,14,14,3,335.69,2026-04-27 02:41:24
478,140,10,4,295.6,2026-05-28 19:29:43
479,289,3,4,252.61,2026-06-10 17:44:26
480,175,3,5,252.15,2026-05-20 09:31:56
481,119,10,5,65.55,2026-05-03 11:11:21
482,132,16,1,87.94,2026-05-21 09:03:29
483,364,4,2,280.58,2026-05-24 22:56:51
484,450,3,4,380.95,2026-06-16 22:32:51
485,334,6,5,136.18,2026-04-25 09:56:22
486,321,3,3,355.0,2026-07-16 12:01:17
487,349,17,3,60.56,2026-07-10 00:43:06
488,253,2,4,204.1,2026-05-13 10:16:59
489,392,8,5,185.98,2026-07-08 11:02:39
490,143,13,3,377.63,2026-06-25 01:25:25
491,104,16,2,228.44,2026-07-09 19:26:39
492,247,20,2,335.07,2026-07-12 07:54:35
493,278,4,1,322.95,2026-06-27 03:04:11
494,268,19,1,336.29,2026-07-19 17:31:55
495,153,17,3,113.12,2026-05-10 07:58:31
496,217,9,4,172.13,2026-05-29 07:18:48
497,484,17,1,59.6,2026-07-17 22:34:12
498,267,2,5,142.2,2026-05-30 15:46:19
499,298,13,3,229.41,2026-04-24 10:38:57
500,380,7,5,388.62,2026-05-25 02:01:59
501,80,1,4,106.42,2026-05-25 03:11:19
502,421,16,2,194.0,2026-04-26 08:07:20
503,19,3,5,352.89,2026-07-10 13:10:38
504,214,4,3,32.4,2026-05-20 09:11:26
505,195,19,4,205.18,2026-07-15 15:49:45
506,74,2,5,341.78,2026-07-17 19:38:20
507,362,18,5,106.99,2026-05-12 11:24:21
508,361,9,2,279.04,2026-06-21 05:29:10
509,208,17,4,302.67,2026-05-13 02:50:56
510,305,5,3,277.04,2026-07-12 11:12:05
511,92,6,3,259.91,2026-06-03 06:45:06
512,40,16,2,142.58,2026-04-30 09:40:13
513,60,8,4,237.89,2026-06-12 16:34:12
514,160,4,4,220.3,2026-05-07 17:49:27
515,292,16,3,181.07,2026-05-14 16:57:03
516,40,12,2,213.69,2026-05-26 08:04:39
517,156,9,1,306.01,2026-06-07 02:49:06
518,329,13,1,286.1,2026-05-01 01:45:47
519,166,17,1,388.41,2026-07-18 18:01:22
520,19,14,4,215.29,2026-06-25 06:47:13
521,237,1,4,363.28,2026-05-08 09:55:10
522,382,2,2,100.77,2026-04-25 08:25:42
523,90,1,4,69.18,2026-05-09 00:17:11
524,188,1,5,363.95,2026-05-19 02:49:47
525,311,16,5,178.34,2026-04-30 09:47:38
526,358,20,2,212.16,2026-05-28 22:22:23
527,85,2,3,301.91,2026-06-28 19:44:10
528,196,11,4,97.33,2026-04-26 00:50:58
529,81,18,2,129.14,2026-06-10 13:31:32
530,122,8,3,298.42,2026-06-13 21:21:14
531,235,6,4,43.64,2026-05-05 10:59:29
532,117,4,3,294.81,2026-05-12 23:53:08
533,451,7,4,28.71,2026-04-26 03:54:32
534,404,12,4,72.23,2026-05-25 13:35:16
535,12,1,5,298.92,2026-06-11 10:10:21
536,270,9,4,183.87,2026-07-11 10:02:31
537,190,19,2,62.34,2026-06-26 16:19:40
538,89,3,3,283.24,2026-04-29 10:02:29
539,158,15,1,317.37,2026-06-04 06:45:10
540,278,5,5,305.24,2026-05-10 04:04:47
541,371,4,2,66.8,2026-05-09 04:43:13
542,96,16,2,74.67,2026-05-18 06:30:02
543,412,8,1,110.3,2026-06-03 05:56:15
544,423,14,2,56.35,2026-06-22 08:47:18
545,246,11,3,242.2,2026-06-01 20:50:27
546,369,5,4,124.66,2026-05-10 15:17:00
547,292,1,2,304.39,2026-05-01 20:05:47
548,398,8,4,114.82,2026-06-04 10:24:48
549,24,7,3,39.94,2026-05-13 05:17:05
550,326,1,3,218.24,2026-06-27 23:04:55
551,43,20,1,302.36,2026-06-06 17:16:36
552,401,5,3,98.93,2026-04-27 04:27:05
553,449,1,2,158.5,2026-04-23 20:10:02
554,332,11,3,137.07,2026-06-04 13:00:29
555,465,4,4,218.95,2026-05-13 11:16:14
556,416,16,5,342.65,2026-07-16 14:32:21
557,314,5,1,40.6,2026-06-24 05:47:08
558,379,16,5,333.91,2026-06-21 12:11:05
559,58,17,2,318.16,2026-06-27 21:42:37
560,42,2,4,100.95,2026-06-15 00:09:33
561,319,17,4,343.79,2026-07-06 18:21:58
562,321,15,4,374.57,2026-06-13 13:44:04
563,107,13,4,15.97,2026-04-27 01:39:30
564,170,19,3,59.71,2026-05-31 15:33:35
565,307,15,3,322.29,2026-06-01 06:21:38
566,119,18,4,255.46,2026-05-28 10:45:15
567,351,6,4,143.17,2026-05-06 05:50:50
568,213,20,5,77.23,2026-05-16 16:19:34
569,237,17,1,165.0,2026-05-07 01:22:52
570,25,3,5,59.54,2026-05-11 02:03:17
571,256,14,1,185.58,2026-07-03 08:02:04
572,478,14,5,384.99,2026-05-05 15:40:45
573,455,2,5,372.28,2026-04-24 21:09:21
574,415,14,2,82.59,2026-07-20 18:38:43
575,252,1,2,353.34,2026-07-01 02:00:25
576,396,4,5,293.24,2026-06-24 00:22:37
577,401,5,2,386.67,2026-06-29 00:05:04
578,164,19,4,45.91,2026-07-09 16:08:16
579,34,20,5,384.79,2026-06-06 23:08:04
580,304,13,5,103.09,2026-06-06 20:22:56
581,55,16,3,392.98,2026-05-03 17:10:25
582,89,3,5,351.2,2026-07-16 18:17:40
583,289,13,1,27.43,2026-05-17 07:19:48
584,270,5,1,193.52,2026-06-29 23:48:25
585,24,10,4,82.09,2026-06-13 10:38:12
586,101,7,1,326.87,2026-04-27 18:52:04
587,183,10,2,295.23,2026-07-17 07:22:18
588,282,11,2,154.58,2026-06-18 11:28:00
589,217,11,1,324.62,2026-05-23 23:17:04
590,154,8,3,108.7,2026-06-24 22:58:52
591,285,16,3,58.39,2026-06-01 08:55:56
592,132,6,1,254.67,2026-07-07 23:51:15
593,448,12,4,247.42,2026-04-23 22:40:28
594,270,5,5,154.5,2026-05-26 10:28:44
595,237,17,3,389.01,2026-07-18 09:10:45
596,382,6,2,212.79,2026-07-16 15:45:32
597,213,17,5,132.02,2026-05-11 20:39:18
598,252,16,4,237.19,2026-05-26 06:40:14
599,436,20,5,79.96,2026-05-30 10:30:49
600,75,16,4,346.6,2026-06-06 06:28:17
601,391,8,5,111.34,2026-05-15 15:39:26
602,26,8,2,292.6,2026-05-05 14:26:53
603,348,4,1,243.43,2026-07-20 21:12:18
604,499,5,1,30.81,2026-06-20 04:19:15
605,306,7,3,391.06,2026-06-17 01:11:40
606,120,12,4,260.79,2026-06-02 13:25:14
607,435,1,3,164.53,2026-06-05 06:41:21
608,489,19,2,375.59,2026-07-15 14:37:32
609,35,8,4,216.18,2026-06-10 03:57:18
610,25,19,2,287.16,2026-05-20 09:37:50
611,45,6,5,80.98,2026-05-27 04:01:01
612,240,16,3,98.64,2026-06-22 04:01:11
613,317,16,3,289.57,2026-05-12 21:56:45
614,70,5,2,331.76,2026-05-04 05:36:47
615,324,11,1,243.24,2026-06-02 20:31:08
616,331,1,5,354.04,2026-05-20 22:01:20
617,243,19,4,279.41,2026-05-11 04:55:09
618,54,15,5,215.9,2026-05-19 05:27:06
619,308,13,5,284.82,2026-07-21 01:05:32
620,189,17,1,267.37,2026-05-28 10:29:33
621,264,18,1,217.05,2026-04-24 18:29:19
622,436,5,5,156.38,2026-07-17 13:42:59
623,256,11,3,307.9,2026-05-01 00:00:03
624,118,9,3,80.83,2026-06-24 01:40:15
625,465,16,5,311.63,2026-06-30 00:55:42
626,105,3,2,232.96,2026-06-21 01:57:32
627,236,2,4,366.86,2026-07-12 13:36:57
628,73,14,4,90.19,2026-05-13 10:20:50
629,296,10,2,24.68,2026-05-14 00:19:45
630,243,14,4,182.45,2026-07-08 04:37:50
631,218,4,4,155.31,2026-05-09 01:04:48
632,176,19,5,391.65,2026-06-20 00:07:52
633,7,11,5,33.09,2026-05-28 18:22:13
634,418,14,1,334.65,2026-05-01 08:10:51
635,404,9,1,67.58,2026-05-06 21:31:40
636,51,8,1,358.69,2026-06-05 19:26:39
637,358,14,2,217.45,2026-05-12 02:40:40
638,253,6,2,18.16,2026-05-24 07:57:38
639,493,2,3,31.98,2026-05-10 18:21:00
640,68,19,2,57.45,2026-07-01 10:59:06
641,192,11,2,229.63,2026-07-01 20:01:19
642,284,17,2,79.37,2026-06-11 11:25:37
643,8,14,4,317.28,2026-04-30 17:02:27
644,324,12,2,303.92,2026-06-06 10:12:27
645,144,8,2,189.53,2026-07-12 16:11:10
646,458,20,5,209.43,2026-06-13 10:36:04
647,169,19,5,316.08,2026-07-11 10:31:48
648,43,17,2,185.42,2026-06-02 07:46:04
649,268,8,2,212.74,2026-05-03 09:53:30
650,286,20,1,237.0,2026-04-27 07:12:32
651,154,16,5,358.72,2026-05-09 02:21:07
652,260,3,3,59.93,2026-05-26 13:32:02
653,109,11,4,257.97,2026-07-18 05:33:29
654,372,8,5,56.35,2026-06-25 00:36:06
655,185,3,2,258.89,2026-05-12 08:21:12
656,478,16,2,19.51,2026-05-19 14:39:34
657,104,12,5,22.85,2026-07-03 09:01:44
658,123,20,1,314.56,2026-04-24 22:54:10
659,43,14,1,137.0,2026-04-26 08:23:22
660,119,13,4,354.17,2026-06-25 06:42:47
661,49,9,3,394.02,2026-05-07 19:47:22
662,251,7,4,351.06,2026-06-10 01:04:29
663,251,5,4,235.41,2026-05-17 04:22:04
664,348,19,5,216.94,2026-05-25 14:52:58
665,437,16,4,237.74,2026-07-10 12:28:28
666,3,12,3,149.43,2026-07-03 18:00:55
667,97,11,4,109.06,2026-06-15 05:41:26
668,441,14,4,268.28,2026-05-28 20:09:33
669,270,16,3,137.92,2026-05-27 18:29:23
670,192,17,4,128.12,2026-06-19 15:50:03
671,312,4,2,307.63,2026-07-07 01:30:44
672,395,15,3,337.86,2026-04-23 20:34:39
673,158,7,1,53.16,2026-05-17 03:55:15
674,124,1,3,257.28,2026-07-17 00:42:10
675,334,12,4,182.65,2026-05-03 00:57:46
676,98,20,5,21.01,2026-07-13 09:41:24
677,271,8,2,377.57,2026-05-06 13:53:18
678,166,14,3,231.94,2026-06-10 22:16:28
679,98,6,2,183.51,2026-04-24 15:44:39
680,449,12,4,366.81,2026-07-10 22:01:43
681,474,17,4,36.25,2026-05-23 06:41:45
682,112,4,4,284.1,2026-05-31 10:48:28
683,469,3,2,371.47,2026-05-16 21:23:38
684,87,3,1,223.4,2026-05-15 21:47:39
685,357,4,5,332.95,2026-06-09 15:48:39
686,303,4,2,239.14,2026-07-03 12:04:16
687,306,13,5,15.51,2026-06-28 20:21:05
688,58,18,3,117.22,2026-06-16 23:08:01
689,74,15,2,290.97,2026-06-03 03:37:21
690,460,11,2,334.8,2026-05-14 11:57:46
691,461,11,1,398.35,2026-06-09 09:07:26
692,395,17,5,381.25,2026-05-20 13:04:37
693,388,14,2,54.69,2026-07-06 10:25:37
694,11,5,5,381.33,2026-06-08 11:29:23
695,497,18,2,340.59,2026-07-01 21:29:43
696,304,2,3,327.99,2026-07-14 23:13:59
697,407,19,3,66.03,2026-06-01 22:16:35
698,120,5,4,291.48,2026-06-03 04:24:15
699,323,15,1,115.53,2026-05-05 23:42:42
700,113,18,2,32.58,2026-04-24 03:11:37
701,315,4,3,387.64,2026-04-27 17:08:26
702,24,1,1,99.23,2026-07-03 08:46:43
703,185,3,5,73.46,2026-04-28 07:04:43
704,157,4,1,298.59,2026-05-02 00:43:54
705,495,10,3,187.42,2026-05-14 09:00:47
706,133,19,4,366.92,2026-06-29 17:23:54
707,419,11,3,324.36,2026-06-17 02:45:34
708,191,12,2,233.44,2026-07-13 03:24:35
709,247,15,5,181.86,2026-07-06 20:07:45
710,62,16,4,52.39,2026-07-14 15:38:37
711,497,6,4,352.88,2026-07-18 06:51:48
712,376,4,5,387.56,2026-07-07 09:01:06
713,180,1,1,336.92,2026-05-23 15:30:33
714,48,12,2,196.13,2026-07-05 19:27:04
715,285,15,4,119.01,2026-06-24 17:44:36
716,401,7,3,202.91,2026-06-05 02:24:33
717,1,19,5,257.41,2026-06-25 11:33:43
718,194,1,2,85.55,2026-05-12 22:02:39
719,395,10,2,295.85,2026-07-06 02:54:10
720,244,11,1,172.09,2026-06-04 03:09:35
721,25,5,3,172.45,2026-07-14 22:02:11
722,23,3,1,388.24,2026-05-21 14:54:36
723,267,17,2,21.59,2026-04-29 01:03:46
724,14,15,5,273.55,2026-06-08 21:27:16
725,496,15,2,36.86,2026-04-27 16:27:34
726,213,5,1,32.7,2026-07-12 04:57:21
727,306,16,3,23.34,2026-07-04 02:47:52
728,322,15,4,327.22,2026-04-27 15:45:47
729,157,18,3,370.72,2026-05-16 19:52:49
730,138,15,4,377.76,2026-07-10 18:15:40
731,222,1,4,116.85,2026-07-14 11:45:45
732,378,8,4,366.36,2026-06-03 03:52:47
733,28,13,3,152.87,2026-05-06 21:54:52
734,264,14,4,221.38,2026-07-18 04:25:02
735,373,1,1,351.65,2026-06-09 17:42:03
736,197,15,1,222.67,2026-05-09 16:12:47
737,483,14,1,280.29,2026-07-02 12:54:20
738,208,14,3,312.17,2026-06-03 09:55:12
739,297,7,4,115.91,2026-07-05 05:27:35
740,473,15,1,148.67,2026-07-13 04:20:48
741,56,2,5,277.53,2026-05-24 06:12:45
742,442,8,1,176.86,2026-07-17 05:05:13
743,217,1,5,94.96,2026-06-10 02:53:42
744,154,11,5,147.83,2026-04-27 22:28:47
745,190,10,4,79.9,2026-05-27 08:33:59
746,178,2,2,275.37,2026-05-25 20:31:11
747,208,6,2,145.62,2026-06-08 03:32:31
748,420,3,2,241.63,2026-07-16 04:48:52
749,226,16,2,171.53,2026-05-26 11:51:32
750,216,19,2,233.88,2026-06-19 19:22:30
751,16,7,2,71.17,2026-04-25 17:49:51
752,152,8,3,210.98,2026-07-20 00:32:52
753,283,10,3,256.18,2026-05-16 13:58:28
754,371,6,5,125.81,2026-07-20 16:58:57
755,392,2,5,224.96,2026-05-11 21:32:11
756,140,5,5,57.24,2026-07-08 12:04:17
757,349,15,5,171.16,2026-07-10 12:33:43
758,236,7,2,221.06,2026-05-01 12:01:53
759,486,16,1,136.61,2026-05-14 04:28:51
760,240,9,1,209.96,2026-07-03 17:25:41
761,463,6,3,307.14,2026-04-23 20:38:00
762,214,15,5,275.8,2026-06-14 18:30:57
763,147,16,1,222.71,2026-07-03 11:38:39
764,122,5,1,159.01,2026-05-05 13:12:30
765,107,1,2,64.85,2026-05-31 12:19:45
766,259,9,3,70.07,2026-04-29 02:48:00
767,186,11,2,362.53,2026-07-18 17:20:51
768,328,20,3,76.78,2026-07-09 07:27:53
769,374,16,5,226.58,2026-05-13 03:42:32
770,295,4,1,171.93,2026-05-27 10:41:56
771,57,18,5,104.89,2026-05-14 07:04:14
772,94,5,1,238.87,2026-06-11 18:44:36
773,290,10,3,273.55,2026-06-30 08:55:07
774,361,8,4,261.96,2026-05-10 16:13:15
775,95,1,3,175.06,2026-06-07 20:28:35
776,97,3,4,121.22,2026-06-30 15:10:00
777,21,17,4,381.07,2026-06-11 11:37:12
778,7,8,1,195.93,2026-05-01 18:24:16
779,53,17,3,291.2,2026-05-07 09:49:16
780,496,2,4,321.29,2026-04-28 14:16:26
781,363,9,1,209.04,2026-05-12 07:16:15
782,403,3,5,239.1,2026-05-31 18:21:00
783,112,20,5,223.87,2026-06-19 16:29:23
784,258,11,3,161.46,2026-07-18 06:18:13
785,424,2,4,78.16,2026-06-06 01:59:13
786,266,15,5,122.75,2026-07-14 18:35:23
787,21,11,1,289.01,2026-05-14 06:07:37
788,377,3,5,118.94,2026-04-30 22:46:35
789,21,10,2,147.1,2026-05-16 16:23:11
790,438,5,1,289.3,2026-06-10 06:26:17
791,415,4,3,108.14,2026-07-21 22:42:43
792,174,2,5,324.13,2026-05-13 15:11:22
793,155,1,4,156.49,2026-06-23 14:34:19
794,418,20,5,166.94,2026-06-20 10:47:35
795,435,8,4,209.04,2026-05-22 17:53:03
796,394,19,2,220.57,2026-05-18 06:06:08
797,114,18,5,340.41,2026-07-03 13:31:41
798,312,12,5,291.91,2026-06-21 03:38:38
799,3,13,3,264.93,2026-06-13 07:11:28
800,385,15,5,365.13,2026-07-10 12:06:01
801,44,15,3,265.03,2026-06-14 21:17:20
802,20,12,3,257.05,2026-07-12 19:15:44
803,289,1,5,161.73,2026-07-04 10:53:02
804,33,8,3,178.63,2026-05-29 20:29:04
805,500,8,4,172.22,2026-07-16 13:02:15
806,426,6,5,167.89,2026-05-15 21:35:09
807,310,19,2,268.46,2026-07-04 07:23:07
808,236,14,1,145.99,2026-05-11 14:50:32
809,321,11,2,105.01,2026-06-04 21:15:14
810,498,1,1,147.69,2026-07-21 03:19:59
811,286,20,2,30.75,2026-07-05 13:51:46
812,301,3,5,38.13,2026-05-26 04:27:49
813,335,3,3,287.83,2026-07-13 11:56:19
814,260,19,2,328.68,2026-07-11 22:15:30
815,258,11,3,155.93,2026-05-02 00:14:40
816,34,6,4,166.75,2026-05-12 04:01:24
817,274,10,4,96.63,2026-05-29 00:44:54
818,146,20,5,270.82,2026-05-09 03:23:09
819,288,14,4,304.89,2026-05-11 17:55:01
820,88,16,1,268.62,2026-05-12 13:15:16
821,51,3,5,267.6,2026-07-04 18:09:48
822,450,16,5,377.68,2026-07-20 09:27:58
823,323,18,1,198.96,2026-05-27 00:44:12
824,206,6,5,328.3,2026-05-27 02:47:37
825,268,11,2,156.57,2026-06-07 03:55:27
826,298,11,5,341.77,2026-05-13 05:30:25
827,217,18,1,198.13,2026-07-14 19:48:43
828,499,6,4,159.49,2026-05-24 01:06:19
829,212,15,4,347.31,2026-05-11 08:47:46
830,271,11,3,206.8,2026-05-28 09:40:35
831,167,12,4,173.44,2026-07-08 13:07:37
832,398,7,5,84.74,2026-05-09 20:45:44
833,105,5,4,203.98,2026-07-02 04:33:12
834,314,10,4,210.2,2026-06-24 23:05:08
835,2,9,1,255.92,2026-07-12 04:17:04
836,446,9,3,180.05,2026-07-13 10:03:48
837,126,16,1,175.05,2026-07-08 12:03:30
838,327,17,1,113.34,2026-07-21 19:04:42
839,413,7,2,166.34,2026-07-01 16:40:07
840,395,13,3,55.87,2026-06-01 09:05:43
841,404,11,2,351.9,2026-06-30 13:47:17
842,250,5,2,270.77,2026-05-18 20:19:26
843,281,11,4,236.08,2026-07-05 11:19:33
844,414,7,3,144.15,2026-07-21 04:44:14
845,81,19,3,229.3,2026-07-18 11:04:13
846,392,8,1,236.54,2026-07-13 15:37:03
847,145,3,5,360.94,2026-06-25 07:35:51
848,162,8,5,334.3,2026-06-10 00:25:00
849,373,4,2,326.47,2026-07-09 21:28:50
850,261,16,3,232.2,2026-06-13 19:04:58
851,50,16,4,180.22,2026-06-20 10:27:22
852,357,1,4,332.48,2026-06-18 05:53:57
853,197,7,3,19.99,2026-04-28 02:11:13
854,95,12,3,238.14,2026-05-25 13:49:14
855,415,19,3,177.51,2026-06-11 07:04:26
856,364,3,2,112.87,2026-06-02 15:03:13
857,380,9,4,151.32,2026-05-19 15:45:30
858,96,9,3,88.34,2026-05-18 19:45:11
859,238,15,2,376.79,2026-06-13 19:32:32
860,12,13,2,338.79,2026-06-27 07:30:49
861,12,19,4,251.92,2026-06-21 05:37:01
862,403,6,3,92.77,2026-05-04 00:53:58
863,434,6,2,198.08,2026-05-29 05:49:46
864,247,15,5,375.8,2026-05-28 01:45:12
865,98,7,3,243.1,2026-04-29 12:44:17
866,310,13,4,152.81,2026-05-27 14:59:07
867,292,9,5,32.48,2026-05-31 20:35:13
868,8,17,3,31.48,2026-04-26 11:26:00
869,4,9,2,382.38,2026-07-18 09:15:42
870,34,20,4,270.06,2026-06-15 22:06:25
871,65,7,2,186.24,2026-06-07 01:07:40
872,481,8,4,200.17,2026-06-26 09:10:38
873,105,6,2,49.88,2026-05-21 04:54:15
874,130,9,2,61.19,2026-05-12 08:11:34
875,216,5,4,288.66,2026-06-24 10:59:57
876,306,8,1,274.68,2026-07-08 05:15:57
877,300,4,2,186.19,2026-05-23 15:13:07
878,327,19,5,273.24,2026-05-01 12:50:41
879,452,17,4,157.72,2026-06-03 00:39:59
880,491,16,4,372.46,2026-06-27 14:16:48
881,128,4,3,194.9,2026-06-24 03:31:10
882,48,15,2,365.05,2026-06-09 02:33:58
883,202,15,5,180.55,2026-05-03 03:53:13
884,143,1,4,75.29,2026-06-07 16:35:43
885,247,10,3,232.74,2026-06-07 19:50:31
886,92,4,2,397.81,2026-06-11 03:32:22
887,380,4,4,248.11,2026-05-03 20:41:22
888,361,10,4,146.55,2026-07-15 16:01:11
889,137,12,4,36.91,2026-06-17 09:45:27
890,477,10,1,61.1,2026-07-08 13:20:49
891,453,6,4,183.78,2026-04-28 01:23:03
892,222,18,4,286.29,2026-05-11 00:16:21
893,439,3,3,278.94,2026-05-30 19:35:27
894,409,5,4,291.93,2026-05-19 23:08:47
895,237,7,4,142.41,2026-06-18 20:37:28
896,144,2,3,33.22,2026-06-20 06:18:43
897,200,5,3,333.35,2026-06-08 23:29:44
898,4,3,3,118.54,2026-05-22 00:31:29
899,350,11,4,152.52,2026-06-28 03:00:41
900,496,12,5,379.26,2026-06-09 11:47:53
901,485,3,4,30.01,2026-07-07 06:00:41
902,36,14,5,194.2,2026-06-22 14:05:20
903,404,15,2,333.38,2026-06-24 06:16:35
904,394,16,2,346.57,2026-04-23 05:58:37
905,322,16,4,199.3,2026-06-27 18:20:00
906,388,7,3,257.06,2026-06-09 03:43:44
907,312,8,4,258.94,2026-06-21 12:16:17
908,44,5,3,269.78,2026-06-07 17:42:15
909,469,11,1,235.11,2026-07-15 09:05:45
910,235,17,3,230.66,2026-06-22 00:36:38
911,89,19,4,186.28,2026-05-25 13:57:25
912,188,1,5,130.05,2026-06-12 21:52:58
913,496,11,4,163.42,2026-05-27 21:36:42
914,455,17,3,19.01,2026-05-09 05:15:00
915,343,9,5,293.64,2026-05-04 02:08:42
916,325,7,1,126.8,2026-05-21 20:33:42
917,259,17,4,233.21,2026-06-13 11:21:07
918,38,8,2,356.15,2026-06-24 22:03:56
919,282,3,3,353.97,2026-06-16 14:45:06
920,432,1,1,70.11,2026-07-18 21:07:13
921,195,6,5,60.31,2026-06-01 16:04:54
922,91,7,5,95.02,2026-05-27 01:22:35
923,300,10,4,339.5,2026-06-02 23:15:59
924,130,7,1,116.94,2026-04-27 11:27:08
925,198,20,2,298.56,2026-06-26 06:41:48
926,182,16,4,164.16,2026-05-06 17:41:50
927,136,17,5,369.2,2026-07-01 19:19:15
928,18,1,1,73.19,2026-07-12 22:44:55
929,410,12,4,117.65,2026-06-24 17:58:12
930,179,13,1,210.43,2026-05-26 21:15:03
931,452,9,1,323.09,2026-05-14 02:08:48
932,275,2,2,24.05,2026-07-17 08:21:58
933,178,9,2,393.37,2026-07-16 10:12:06
934,23,12,2,127.55,2026-06-16 18:20:34
935,196,15,5,42.2,2026-06-25 05:40:03
936,109,19,2,354.06,2026-05-23 11:55:15
937,163,2,5,370.47,2026-05-03 10:13:43
938,340,15,1,313.24,2026-06-06 12:33:23
939,346,12,5,121.66,2026-05-31 01:23:18
940,142,16,2,93.47,2026-06-08 07:27:06
941,423,12,4,258.77,2026-06-21 14:10:28
942,397,4,4,235.45,2026-04-27 17:11:02
943,498,14,5,242.79,2026-05-06 08:03:03
944,368,5,5,192.2,2026-05-09 23:14:58
945,398,5,2,301.62,2026-04-26 12:39:24
946,39,7,1,376.81,2026-07-09 03:32:58
947,416,4,1,204.7,2026-06-07 10:28:50
948,21,15,1,259.1,2026-07-18 00:34:35
949,245,3,4,175.16,2026-04-25 11:37:23
950,398,16,3,308.5,2026-07-20 18:56:36
951,327,16,3,30.9,2026-05-12 14:50:10
952,130,10,1,71.75,2026-07-10 10:35:07
953,353,11,1,19.35,2026-07-11 04:50:39
954,285,5,1,207.61,2026-05-22 16:35:20
955,32,10,1,58.11,2026-05-05 16:30:52
956,294,4,3,154.52,2026-05-08 01:44:25
957,259,16,3,335.08,2026-06-05 16:24:31
958,479,11,2,294.89,2026-04-26 10:46:37
959,227,18,5,156.08,2026-07-12 08:00:06
960,150,12,3,212.29,2026-05-10 02:58:06
961,62,16,5,394.41,2026-04-26 03:50:32
962,213,10,5,194.64,2026-05-26 14:38:34
963,495,8,4,268.68,2026-07-03 01:06:36
964,22,2,3,30.02,2026-05-30 05:45:01
965,465,4,1,27.11,2026-07-06 00:03:54
966,169,18,5,378.63,2026-05-07 17:25:29
967,22,18,5,21.05,2026-06-27 02:16:21
968,325,8,1,352.6,2026-05-31 09:44:35
969,57,2,1,251.98,2026-04-25 03:56:56
970,365,19,3,281.47,2026-05-19 00:16:45
971,198,1,1,328.56,2026-04-25 22:02:17
972,297,16,3,148.24,2026-07-11 00:53:29
973,180,19,2,162.03,2026-07-08 19:50:10
974,488,2,1,378.65,2026-05-13 07:27:38
975,182,12,2,335.0,2026-05-02 19:48:56
976,242,1,4,143.58,2026-07-10 23:33:08
977,405,14,1,367.16,2026-05-20 21:05:19
978,227,5,3,180.2,2026-06-03 22:28:25
979,75,14,1,240.1,2026-06-25 12:44:36
980,132,8,1,32.33,2026-05-17 17:32:32
981,385,2,3,208.59,2026-07-10 12:39:07
982,177,19,5,239.68,2026-07-01 06:07:08
983,468,19,2,366.17,2026-07-08 13:17:20
984,171,11,4,41.14,2026-05-20 00:07:20
985,16,3,1,332.05,2026-06-30 22:52:32
986,486,18,1,69.26,2026-05-29 03:08:33
987,17,7,4,338.3,2026-05-01 02:30:06
988,422,2,2,346.6,2026-06-03 09:24:11
989,372,3,1,257.83,2026-05-20 23:37:38
990,476,18,4,374.31,2026-06-18 08:08:48
991,192,9,2,348.77,2026-05-03 16:08:40
992,224,16,4,71.43,2026-04-27 07:15:07
993,404,1,5,47.73,2026-05-21 20:43:17
994,360,15,3,328.69,2026-05-16 18:08:42
995,20,14,4,199.67,2026-05-14 09:54:13
996,457,11,2,341.29,2026-05-17 04:34:53
997,204,20,4,245.92,2026-06-13 21:31:29
998,3,4,5,97.08,2026-05-08 18:17:08
999,10,2,5,310.18,2026-07-05 14:27:56
1000,201,11,3,240.95,2026-06-14 14:35:33
1001,296,18,4,229.79,2026-05-14 23:18:21
1002,318,9,4,164.52,2026-07-10 06:39:39
1003,272,6,4,33.37,2026-07-20 14:30:00
1004,398,17,5,15.8,2026-07-11 23:55:36
1005,271,8,5,49.98,2026-06-30 11:43:21
1006,4,6,1,225.83,2026-06-05 22:05:38
1007,36,17,1,46.35,2026-06-14 22:51:30
1008,303,20,2,57.35,2026-07-02 00:22:52
1009,344,19,2,265.82,2026-06-16 22:37:17
1010,371,5,4,44.09,2026-05-16 21:37:38
1011,319,8,2,30.38,2026-06-29 01:44:52
1012,185,17,5,370.17,2026-05-10 17:55:06
1013,330,13,4,374.85,2026-05-01 10:36:16
1014,109,20,3,133.73,2026-07-01 09:45:52
1015,154,8,3,336.99,2026-04-23 11:22:10
1016,214,7,1,84.67,2026-07-21 04:51:53
1017,483,14,3,203.3,2026-05-14 13:15:16
1018,20,11,3,235.91,2026-07-06 23:13:03
1019,259,17,4,76.43,2026-06-30 11:33:25
1020,21,10,2,224.1,2026-04-25 19:14:14
1021,306,5,4,222.15,2026-04-24 21:33:19
1022,315,15,4,255.22,2026-06-07 14:46:36
1023,245,4,1,283.47,2026-06-15 03:56:18
1024,47,11,1,284.67,2026-06-13 09:38:54
1025,449,4,3,27.44,2026-06-23 07:06:51
1026,132,18,4,209.04,2026-05-17 04:55:29
1027,252,13,5,354.09,2026-06-07 03:06:21
1028,319,4,4,241.66,2026-05-07 16:59:25
1029,491,19,5,395.32,2026-07-11 15:58:43
1030,234,20,1,153.07,2026-06-18 23:45:52
1031,4,8,2,52.24,2026-05-01 13:07:26
1032,482,6,2,377.38,2026-07-03 02:54:59
1033,244,12,3,150.09,2026-05-14 10:30:30
1034,309,20,5,237.5,2026-07-02 16:57:13
1035,215,6,4,299.67,2026-07-08 13:22:51
1036,33,14,1,123.26,2026-05-21 14:37:11
1037,366,19,4,207.99,2026-06-18 11:30:00
1038,481,15,5,355.79,2026-07-20 06:22:39
1039,256,18,4,372.71,2026-07-14 05:50:42
1040,410,7,3,40.12,2026-06-16 11:54:03
1041,462,15,1,269.65,2026-06-02 19:17:58
1042,113,6,4,122.44,2026-05-30 06:53:19
1043,189,17,5,303.14,2026-06-04 19:41:29
1044,374,20,2,45.18,2026-06-13 23:59:45
1045,169,1,3,257.11,2026-06-24 12:10:36
1046,482,17,4,201.65,2026-05-16 15:54:28
1047,459,18,5,288.02,2026-06-10 06:24:20
1048,318,1,1,263.99,2026-05-24 17:28:43
1049,489,11,1,182.85,2026-05-20 12:28:53
1050,71,5,5,228.31,2026-04-29 12:14:05
1051,438,6,3,287.47,2026-05-17 04:22:42
1052,172,7,2,358.14,2026-06-16 22:18:13
1053,398,9,3,329.76,2026-04-30 05:44:38
1054,56,7,3,366.2,2026-07-19 02:03:54
1055,209,4,1,36.06,2026-06-02 22:07:57
1056,270,5,1,87.85,2026-06-11 09:49:41
1057,492,14,3,251.86,2026-06-14 08:42:45
1058,401,1,4,292.16,2026-06-11 11:01:41
1059,174,10,1,126.85,2026-07-10 15:30:22
1060,485,15,1,224.1,2026-05-30 17:49:42
1061,393,5,5,376.59,2026-05-02 09:46:00
1062,406,3,2,325.86,2026-05-12 01:04:10
1063,379,14,1,194.87,2026-05-06 03:48:45
1064,188,3,2,208.97,2026-06-26 22:32:22
1065,28,9,3,343.62,2026-06-20 01:28:48
1066,141,17,4,236.6,2026-06-03 13:13:02
1067,100,15,2,174.38,2026-06-22 05:54:40
1068,373,18,1,249.65,2026-06-02 03:29:32
1069,157,3,5,354.23,2026-04-24 05:42:38
1070,73,4,1,49.38,2026-05-22 21:09:22
1071,423,19,4,96.69,2026-04-24 02:05:13
1072,238,4,4,143.45,2026-07-05 05:22:40
1073,497,13,2,318.41,2026-06-06 13:35:43
1074,210,1,3,385.86,2026-05-20 17:09:49
1075,374,10,2,298.6,2026-05-08 03:01:14
1076,174,2,1,292.9,2026-05-10 16:50:33
1077,293,4,2,164.18,2026-05-27 21:59:23
1078,285,15,4,292.16,2026-05-17 00:21:29
1079,281,7,3,343.33,2026-06-26 14:25:42
1080,194,20,4,270.37,2026-05-17 15:58:50
1081,62,2,4,204.14,2026-04-28 11:04:39
1082,176,20,3,77.88,2026-05-22 09:26:42
1083,292,6,1,84.13,2026-06-05 11:56:33
1084,230,11,5,199.01,2026-05-29 05:56:37
1085,446,3,2,327.76,2026-07-12 07:20:58
1086,333,18,2,317.01,2026-05-26 00:13:53
1087,99,2,5,235.83,2026-06-24 08:08:33
1088,270,19,5,184.78,2026-05-22 23:04:11
1089,276,7,3,38.16,2026-04-23 04:29:58
1090,495,8,2,237.76,2026-06-15 13:31:12
1091,438,8,2,329.52,2026-05-12 13:11:29
1092,222,5,3,282.31,2026-05-29 04:06:46
1093,107,11,5,23.92,2026-04-23 20:12:22
1094,81,11,3,340.94,2026-05-14 19:31:10
1095,371,20,4,305.31,2026-06-09 21:46:36
1096,120,8,5,62.6,2026-05-16 18:26:40
1097,376,13,5,90.04,2026-07-15 20:30:54
1098,272,7,4,359.87,2026-07-10 21:32:00
1099,354,11,1,367.35,2026-05-16 17:38:35
1100,29,14,5,123.69,2026-07-14 21:36:41
1101,378,3,3,393.06,2026-04-29 03:25:43
1102,281,17,2,381.11,2026-06-19 08:39:26
1103,418,19,4,89.74,2026-06-11 14:17:11
1104,92,16,3,56.7,2026-07-02 22:03:40
1105,489,4,5,57.92,2026-07-08 03:47:42
1106,24,19,3,74.22,2026-05-06 18:13:17
1107,109,13,4,16.99,2026-06-11 00:00:48
1108,74,18,4,63.98,2026-05-31 19:12:23
1109,229,13,1,149.38,2026-06-16 05:30:55
1110,137,13,4,67.09,2026-07-20 11:34:25
1111,431,6,2,286.56,2026-06-25 14:16:30
1112,343,4,1,15.67,2026-06-19 06:15:58
1113,214,8,1,203.54,2026-06-17 06:38:13
1114,125,13,5,201.77,2026-05-13 09:51:44
1115,432,12,2,125.41,2026-06-28 20:48:39
1116,3,17,3,358.49,2026-06-07 21:27:18
1117,482,19,3,327.32,2026-05-25 07:11:20
1118,452,20,5,28.8,2026-06-28 21:16:03
1119,105,3,1,123.88,2026-06-11 21:37:27
1120,238,9,3,103.78,2026-06-22 13:17:20
1121,474,1,3,270.16,2026-07-05 00:18:46
1122,289,7,5,234.93,2026-05-29 08:51:03
1123,18,7,4,61.06,2026-07-06 13:49:31
1124,204,12,5,265.56,2026-06-22 23:36:46
1125,52,4,5,186.28,2026-06-03 03:56:27
1126,248,20,2,394.08,2026-07-11 07:53:45
1127,459,2,2,32.34,2026-05-08 08:14:16
1128,417,16,4,206.8,2026-07-16 17:55:21
1129,348,10,5,33.6,2026-06-23 09:10:31
1130,165,20,1,126.99,2026-05-06 18:04:29
1131,75,11,4,311.0,2026-07-08 20:35:37
1132,497,1,1,136.68,2026-06-27 13:21:25
1133,166,6,5,315.97,2026-05-02 01:57:20
1134,90,15,2,22.22,2026-05-28 16:53:18
1135,276,17,2,16.1,2026-06-14 08:55:16
1136,157,6,1,112.0,2026-05-12 09:00:34
1137,36,9,3,367.52,2026-07-01 08:35:35
1138,43,8,2,103.39,2026-06-25 15:06:28
1139,211,6,4,108.12,2026-05-22 23:12:11
1140,172,17,4,237.43,2026-06-25 22:25:46
1141,444,14,1,315.85,2026-05-14 17:22:34
1142,338,18,1,299.34,2026-07-03 03:20:06
1143,34,4,1,69.21,2026-07-18 15:08:36
1144,380,17,4,210.97,2026-07-21 15:21:13
1145,316,17,4,106.54,2026-07-03 00:19:55
1146,222,7,4,16.3,2026-06-18 02:58:43
1147,24,1,5,117.82,2026-06-30 16:05:41
1148,438,15,5,282.22,2026-07-04 20:50:15
1149,232,20,4,356.69,2026-04-25 02:59:37
1150,108,8,1,60.71,2026-04-30 08:53:21
1151,358,10,5,240.95,2026-05-17 20:22:15
1152,367,19,2,255.93,2026-06-27 04:33:58
1153,55,17,3,390.48,2026-06-12 22:46:00
1154,205,1,5,268.66,2026-05-14 02:30:29
1155,450,1,1,79.42,2026-05-25 19:19:23
1156,487,8,3,224.14,2026-05-29 11:43:19
1157,397,2,2,136.7,2026-07-08 07:10:52
1158,424,5,1,397.76,2026-05-20 20:35:47
1159,5,17,5,125.23,2026-06-15 19:37:45
1160,152,16,3,224.53,2026-06-03 01:14:47
1161,346,17,4,40.68,2026-06-01 18:05:26
1162,34,8,1,19.47,2026-06-02 00:40:19
1163,122,1,1,122.49,2026-06-03 10:32:59
1164,113,14,3,98.27,2026-05-31 20:46:12
1165,117,8,5,201.76,2026-05-24 04:53:38
1166,462,15,3,139.01,2026-07-08 15:15:21
1167,250,1,3,63.53,2026-06-01 21:37:02
1168,2,8,4,337.74,2026-06-19 17:58:52
1169,177,17,1,386.05,2026-05-26 20:00:49
1170,292,7,3,85.16,2026-05-10 21:08:06
1171,197,1,1,307.42,2026-06-10 12:46:28
1172,363,9,3,151.99,2026-05-24 15:47:17
1173,459,7,4,66.08,2026-05-03 00:15:06
1174,275,8,2,269.64,2026-05-12 00:32:37
1175,127,19,3,388.54,2026-07-01 23:31:38
1176,329,8,3,254.26,2026-04-23 05:50:38
1177,69,1,2,67.54,2026-06-25 15:25:05
1178,449,12,4,350.71,2026-06-02 03:45:01
1179,49,12,5,123.25,2026-07-16 18:45:10
1180,260,18,1,195.31,2026-06-28 19:42:05
1181,78,19,4,31.8,2026-06-02 06:52:21
1182,81,19,3,54.92,2026-07-07 08:28:37
1183,301,15,3,178.27,2026-04-29 00:08:24
1184,20,4,3,43.3,2026-07-09 02:34:52
1185,158,4,2,155.85,2026-05-13 14:21:17
1186,83,15,2,55.42,2026-05-10 18:02:53
1187,301,16,4,294.88,2026-05-08 20:31:51
1188,410,17,1,86.65,2026-07-05 15:17:16
1189,485,14,5,153.97,2026-07-16 06:57:45
1190,486,6,1,206.0,2026-07-04 18:04:32
1191,382,12,2,16.42,2026-07-16 05:43:18
1192,400,11,1,298.79,2026-06-03 07:38:28
1193,440,2,5,221.13,2026-06-30 10:07:52
1194,205,4,5,115.31,2026-07-01 20:48:21
1195,248,10,5,138.57,2026-06-26 16:23:00
1196,155,5,2,200.57,2026-06-15 09:13:23
1197,217,16,3,140.36,2026-05-28 19:34:19
1198,483,14,3,174.75,2026-07-21 11:21:13
1199,485,15,4,268.42,2026-07-09 14:38:27
1200,458,14,2,256.34,2026-04-23 20:00:16
1201,79,16,2,107.43,2026-05-12 06:37:27
1202,83,8,2,388.41,2026-07-18 14:50:45
1203,121,5,1,47.18,2026-06-16 22:32:05
1204,475,4,1,363.03,2026-05-11 08:28:32
1205,453,16,4,96.66,2026-05-05 09:19:51
1206,269,14,4,153.33,2026-07-15 07:36:10
1207,372,10,4,126.63,2026-06-23 17:50:33
1208,38,5,4,151.6,2026-05-10 22:16:17
1209,438,5,4,110.09,2026-05-20 11:53:52
1210,309,6,3,367.82,2026-06-08 06:06:09
1211,159,5,5,36.78,2026-06-30 16:41:37
1212,459,19,2,367.68,2026-06-19 20:48:00
1213,269,13,1,389.77,2026-04-26 07:28:04
1214,48,3,2,365.66,2026-06-11 15:10:11
1215,416,16,3,348.81,2026-05-21 22:38:05
1216,414,15,2,58.64,2026-06-27 17:23:07
1217,189,13,2,55.81,2026-07-12 07:46:30
1218,308,13,2,336.66,2026-06-16 09:14:30
1219,99,8,4,28.49,2026-06-20 04:42:53
1220,444,1,1,334.44,2026-06-05 00:14:02
1221,481,5,3,303.39,2026-04-24 19:56:24
1222,166,13,2,97.8,2026-05-22 23:30:40
1223,277,7,5,371.72,2026-05-10 09:37:52
1224,136,1,1,47.25,2026-05-04 13:11:49
1225,374,6,5,206.37,2026-06-12 01:49:04
1226,233,20,3,344.47,2026-06-15 21:29:26
1227,213,20,4,335.13,2026-07-14 05:20:19
1228,268,18,2,158.26,2026-06-12 09:14:22
1229,167,20,4,139.38,2026-06-16 04:40:07
1230,259,2,3,186.73,2026-05-08 11:18:49
1231,128,1,2,74.7,2026-06-19 08:41:58
1232,476,18,3,267.1,2026-07-20 22:10:31
1233,76,5,1,212.03,2026-05-27 05:34:02
1234,88,13,5,284.48,2026-06-17 14:03:44
1235,474,4,5,89.29,2026-05-02 07:13:59
1236,486,17,2,44.31,2026-06-03 17:21:24
1237,71,1,2,115.9,2026-05-15 16:15:44
1238,271,14,3,299.74,2026-05-28 05:02:54
1239,373,2,5,338.96,2026-06-29 00:09:08
1240,425,5,5,86.79,2026-06-26 12:43:50
1241,428,18,3,42.07,2026-06-13 08:46:34
1242,494,4,3,303.3,2026-07-21 14:39:59
1243,242,9,1,71.58,2026-06-15 00:48:39
1244,194,14,5,47.35,2026-05-30 15:14:41
1245,101,20,5,68.39,2026-05-22 19:41:38
1246,240,6,3,391.29,2026-07-08 20:08:54
1247,419,14,3,399.57,2026-05-25 20:06:37
1248,299,13,3,216.21,2026-05-02 03:59:39
1249,378,11,5,149.41,2026-07-09 04:14:11
1250,141,6,4,77.83,2026-05-20 21:22:12
1251,216,1,2,134.77,2026-04-29 04:05:11
1252,270,11,4,69.68,2026-06-03 16:30:09
1253,121,5,1,304.28,2026-05-31 19:52:58
1254,177,12,3,211.99,2026-06-28 19:46:26
1255,97,17,1,192.13,2026-06-19 21:10:58
1256,479,5,2,69.82,2026-06-28 07:28:56
1257,121,9,3,160.8,2026-05-02 01:21:26
1258,240,17,5,28.45,2026-07-16 19:16:54
1259,446,15,2,64.86,2026-06-27 20:54:30
1260,292,8,3,248.1,2026-05-20 01:38:31
1261,105,8,2,233.43,2026-05-01 23:13:35
1262,366,5,5,76.37,2026-07-07 18:06:52
1263,405,19,4,176.3,2026-06-22 14:58:25
1264,272,9,2,336.96,2026-07-06 21:05:23
1265,363,7,1,359.46,2026-07-13 05:32:37
1266,42,20,4,346.77,2026-04-28 13:44:56
1267,154,11,1,229.0,2026-06-06 22:57:40
1268,41,9,5,81.43,2026-05-18 22:12:04
1269,293,5,1,48.24,2026-05-12 19:59:18
1270,486,20,3,16.35,2026-05-10 19:08:12
1271,63,7,5,327.86,2026-05-12 05:45:34
1272,125,14,1,246.23,2026-07-03 02:06:08
1273,348,10,3,24.42,2026-06-19 04:18:42
1274,156,2,5,121.19,2026-05-11 17:34:19
1275,398,7,4,360.47,2026-07-01 18:05:07
1276,266,16,2,286.26,2026-06-23 14:22:39
1277,187,9,4,75.05,2026-05-06 08:07:13
1278,423,20,1,270.1,2026-07-14 14:50:58
1279,131,16,4,162.39,2026-05-23 21:07:41
1280,114,7,3,25.6,2026-06-07 17:02:39
1281,129,5,5,359.39,2026-06-24 19:03:22
1282,497,2,4,360.85,2026-05-05 15:16:27
1283,134,9,3,112.06,2026-07-16 00:59:50
1284,52,13,3,223.19,2026-05-23 12:55:07
1285,129,14,1,123.85,2026-07-10 00:26:54
1286,133,14,3,29.06,2026-06-16 08:00:38
1287,170,9,5,152.5,2026-05-27 11:43:04
1288,230,2,3,322.73,2026-04-26 00:55:48
1289,104,6,5,346.57,2026-06-15 23:03:13
1290,294,9,2,55.21,2026-07-19 19:16:28
1291,8,16,5,183.24,2026-04-23 06:11:58
1292,427,12,2,311.41,2026-05-31 03:51:11
1293,366,15,1,257.05,2026-06-23 19:15:28
1294,181,15,1,277.91,2026-06-29 20:16:53
1295,18,6,4,359.16,2026-05-11 11:32:10
1296,47,14,1,73.4,2026-06-26 23:00:18
1297,408,13,2,148.21,2026-06-19 06:37:37
1298,98,4,2,397.74,2026-06-25 06:46:33
1299,387,14,5,186.68,2026-05-28 00:15:58
1300,48,8,3,179.02,2026-06-29 07:41:25
1301,430,6,3,216.1,2026-05-28 04:11:17
1302,384,3,3,397.65,2026-05-13 08:47:57
1303,298,8,5,128.48,2026-05-20 11:16:13
1304,397,16,3,250.25,2026-04-28 07:04:34
1305,128,8,2,62.17,2026-06-13 21:19:05
1306,420,13,4,49.38,2026-06-12 22:11:51
1307,444,18,1,49.33,2026-05-23 18:01:26
1308,188,12,2,177.82,2026-05-02 23:15:36
1309,268,14,4,113.77,2026-07-12 20:31:09
1310,263,12,5,381.4,2026-05-14 03:25:46
1311,446,10,4,179.03,2026-07-02 20:12:10
1312,30,8,3,94.85,2026-07-05 05:12:37
1313,330,2,2,301.49,2026-04-24 03:18:35
1314,479,20,2,321.96,2026-04-26 00:38:59
1315,440,17,1,276.0,2026-05-05 16:10:54
1316,397,8,3,68.55,2026-06-26 06:23:32
1317,154,17,2,126.65,2026-06-18 03:49:42
1318,401,13,2,196.71,2026-06-03 10:24:38
1319,455,2,3,88.26,2026-07-11 02:25:26
1320,411,7,4,80.48,2026-05-14 22:03:26
1321,393,1,2,196.62,2026-05-11 09:21:53
1322,16,7,3,243.5,2026-04-23 01:05:41
1323,378,4,4,331.9,2026-06-05 17:15:33
1324,391,13,3,20.75,2026-05-29 17:57:55
1325,406,3,2,254.83,2026-07-12 00:17:07
1326,348,19,4,191.17,2026-07-14 19:42:23
1327,364,11,3,102.01,2026-07-17 04:20:51
1328,25,10,4,363.05,2026-07-15 21:45:24
1329,366,13,1,352.9,2026-05-17 09:44:19
1330,302,20,4,367.87,2026-05-15 07:18:06
1331,277,6,1,38.63,2026-07-16 01:42:10
1332,179,2,5,281.81,2026-05-02 23:24:03
1333,432,6,5,233.69,2026-05-31 03:44:36
1334,470,16,3,74.99,2026-04-26 10:48:29
1335,120,17,4,87.44,2026-05-23 15:46:24
1336,432,11,2,116.58,2026-04-23 17:55:42
1337,154,10,2,196.05,2026-05-10 07:07:54
1338,387,14,4,27.25,2026-07-03 14:01:18
1339,231,9,1,117.15,2026-06-02 04:34:35
1340,239,14,4,112.72,2026-04-30 00:28:21
1341,318,19,5,58.39,2026-05-24 11:31:40
1342,168,14,4,280.46,2026-05-18 14:18:20
1343,159,2,1,303.64,2026-04-30 03:29:45
1344,187,18,2,274.38,2026-06-11 14:48:43
1345,418,11,3,160.03,2026-07-19 04:56:22
1346,190,8,3,193.91,2026-05-24 13:33:50
1347,52,4,1,29.23,2026-05-10 00:59:07
1348,496,20,1,335.66,2026-06-29 22:30:59
1349,310,2,2,131.18,2026-06-01 17:01:27
1350,458,12,5,164.96,2026-05-23 02:48:18
1351,183,12,4,341.39,2026-05-16 07:56:45
1352,167,12,5,194.47,2026-06-12 09:02:11
1353,63,2,4,342.23,2026-06-05 02:53:16
1354,62,4,3,269.35,2026-07-10 00:15:33
1355,312,13,5,30.53,2026-04-25 10:34:07
1356,249,20,2,331.09,2026-05-25 22:03:10
1357,248,8,4,115.08,2026-05-06 20:31:44
1358,498,2,5,301.39,2026-06-25 04:47:12
1359,159,15,2,297.54,2026-07-15 11:17:12
1360,419,7,4,371.45,2026-05-19 21:01:25
1361,334,2,5,301.86,2026-07-15 06:13:50
1362,70,9,4,63.47,2026-05-11 20:13:11
1363,174,18,2,19.8,2026-06-17 17:24:01
1364,165,15,5,88.54,2026-05-24 06:38:45
1365,241,16,5,293.73,2026-05-08 04:49:54
1366,268,15,4,111.65,2026-05-07 14:58:04
1367,486,6,1,273.6,2026-07-05 10:32:35
1368,7,12,5,73.12,2026-07-20 05:14:04
1369,200,13,5,253.4,2026-06-05 13:15:28
1370,435,13,2,31.17,2026-05-30 17:19:37
1371,318,9,4,216.01,2026-05-08 19:15:14
1372,89,6,3,382.88,2026-05-18 03:12:58
1373,85,7,5,119.08,2026-07-02 10:17:10
1374,205,16,1,169.39,2026-05-12 13:23:19
1375,255,1,3,305.3,2026-05-26 07:56:39
1376,404,8,5,364.03,2026-05-01 07:24:37
1377,467,10,5,393.3,2026-05-23 13:30:58
1378,395,3,5,74.95,2026-06-19 10:53:57
1379,13,2,3,104.0,2026-07-21 10:26:12
1380,253,19,5,292.58,2026-06-28 11:17:51
1381,287,15,3,99.18,2026-07-15 22:02:32
1382,379,17,1,382.72,2026-07-15 14:54:46
1383,179,11,3,371.42,2026-04-25 02:02:16
1384,75,5,2,342.2,2026-06-19 11:38:03
1385,336,18,3,167.87,2026-06-01 23:55:55
1386,70,16,4,276.91,2026-07-20 08:39:26
1387,136,7,5,19.36,2026-04-28 04:27:42
1388,410,12,1,96.29,2026-05-20 20:56:28
1389,171,13,2,352.26,2026-04-30 22:34:56
1390,199,5,4,267.18,2026-04-27 20:28:20
1391,108,2,4,290.49,2026-06-18 04:25:14
1392,387,5,4,278.02,2026-07-21 16:22:39
1393,181,11,2,35.46,2026-05-15 09:06:33
1394,7,15,4,287.38,2026-07-13 18:23:36
1395,66,13,2,107.37,2026-05-11 06:41:14
1396,443,20,2,346.37,2026-04-28 04:58:48
1397,12,6,4,215.41,2026-06-14 16:37:43
1398,163,1,3,157.47,2026-07-17 03:27:21
1399,339,5,1,202.99,2026-05-03 18:02:16
1400,358,7,5,396.22,2026-05-21 23:50:56
1401,355,8,5,32.35,2026-04-29 07:55:52
1402,342,1,5,168.41,2026-07-19 04:24:29
1403,16,15,5,47.24,2026-06-09 22:33:10
1404,202,5,2,132.21,2026-05-27 01:23:27
1405,351,11,2,96.6,2026-05-17 14:07:39
1406,500,5,4,62.8,2026-06-17 04:10:21
1407,276,17,2,61.85,2026-05-03 12:45:51
1408,33,19,4,306.1,2026-06-16 22:55:46
1409,265,8,1,200.44,2026-06-15 02:04:48
1410,119,17,1,141.63,2026-07-18 10:28:06
1411,447,5,5,122.64,2026-05-08 13:47:00
1412,341,10,5,326.72,2026-07-05 23:39:09
1413,356,19,5,286.1,2026-06-08 22:37:48
1414,161,8,4,285.66,2026-07-03 14:28:02
1415,179,1,1,113.83,2026-06-29 18:53:04
1416,419,4,2,89.77,2026-06-14 05:00:39
1417,229,17,5,67.31,2026-04-29 11:31:14
1418,497,6,4,62.79,2026-06-13 09:17:42
1419,156,14,4,397.37,2026-06-16 15:09:13
1420,5,12,4,326.07,2026-05-30 16:25:12
1421,314,6,3,36.02,2026-04-27 14:40:01
1422,95,15,3,313.48,2026-06-21 12:27:53
1423,366,14,3,257.01,2026-06-22 06:09:03
1424,35,11,5,191.77,2026-06-19 10:13:05
1425,170,2,5,257.27,2026-07-15 20:00:04
1426,126,17,3,39.82,2026-06-29 22:12:51
1427,219,13,3,370.21,2026-06-23 02:18:17
1428,141,13,3,57.57,2026-05-22 16:50:43
1429,136,8,5,359.28,2026-04-23 12:41:56
1430,377,6,2,189.43,2026-07-01 12:59:24
1431,353,3,3,165.08,2026-06-25 11:06:47
1432,309,9,2,222.25,2026-07-11 03:51:49
1433,321,9,3,360.8,2026-05-06 18:00:47
1434,239,4,2,66.53,2026-06-01 05:59:11
1435,258,18,1,338.05,2026-06-02 18:49:04
1436,116,2,1,25.88,2026-05-23 01:38:43
1437,452,19,3,53.45,2026-05-23 15:27:53
1438,482,1,4,244.82,2026-05-15 15:21:11
1439,431,6,3,41.91,2026-05-29 16:08:23
1440,434,13,2,107.15,2026-05-22 18:36:18
1441,192,5,5,109.35,2026-07-13 09:52:52
1442,371,11,2,351.96,2026-04-23 17:40:02
1443,128,19,4,399.23,2026-06-08 10:42:28
1444,397,20,1,137.09,2026-07-10 14:44:33
1445,67,13,2,119.67,2026-05-01 06:47:52
1446,333,6,3,31.25,2026-04-26 01:46:23
1447,249,19,5,18.84,2026-07-14 18:27:10
1448,410,4,3,188.28,2026-07-19 14:19:38
1449,447,19,3,356.6,2026-06-01 06:51:52
1450,234,15,1,238.06,2026-06-10 22:27:42
1451,273,12,4,24.08,2026-07-20 22:13:18
1452,158,8,3,224.42,2026-07-15 16:19:53
1453,229,2,3,347.95,2026-05-13 16:05:19
1454,292,10,3,38.47,2026-05-01 03:14:03
1455,498,12,3,317.61,2026-06-25 10:13:03
1456,337,9,5,42.27,2026-07-13 07:48:52
1457,55,9,4,206.09,2026-06-11 13:08:36
1458,274,16,3,88.5,2026-07-03 00:38:23
1459,236,13,3,146.35,2026-06-09 20:12:24
1460,65,7,5,252.28,2026-07-02 16:46:33
1461,354,15,5,140.25,2026-05-06 06:31:12
1462,13,19,1,31.61,2026-04-27 02:57:52
1463,298,13,4,358.83,2026-07-06 01:20:36
1464,251,19,1,15.06,2026-06-26 04:39:22
1465,53,18,2,45.59,2026-05-02 20:34:42
1466,265,7,2,258.85,2026-06-11 10:42:29
1467,293,8,1,230.54,2026-06-01 14:35:25
1468,200,2,3,346.19,2026-06-11 03:36:34
1469,428,19,5,161.72,2026-06-02 23:07:10
1470,163,10,4,355.9,2026-06-12 06:20:05
1471,484,18,5,380.52,2026-07-19 10:56:08
1472,368,6,5,310.16,2026-05-13 22:54:13
1473,234,4,4,71.78,2026-07-04 08:14:20
1474,405,5,4,133.13,2026-05-28 22:42:45
1475,75,7,3,254.5,2026-07-21 11:25:30
1476,202,13,3,354.59,2026-07-11 09:32:26
1477,414,10,5,90.34,2026-07-19 16:11:59
1478,36,5,1,334.79,2026-07-20 00:53:32
1479,442,8,3,289.4,2026-05-14 17:16:46
1480,453,6,5,366.37,2026-07-13 04:45:20
1481,259,15,2,314.86,2026-06-16 01:15:25
1482,164,6,1,98.03,2026-07-06 01:18:38
1483,308,9,4,309.57,2026-05-01 21:15:43
1484,282,3,2,136.23,2026-07-13 12:56:55
1485,460,19,4,291.33,2026-04-28 16:49:50
1486,431,17,4,269.82,2026-06-01 17:56:13
1487,309,19,5,68.57,2026-07-21 19:30:35
1488,306,7,1,332.25,2026-07-11 21:40:26
1489,11,2,4,354.09,2026-05-02 16:17:12
1490,377,18,3,62.79,2026-05-04 18:42:22
1491,401,12,1,67.76,2026-05-12 14:07:54
1492,122,4,5,84.42,2026-06-02 13:44:23
1493,483,15,4,125.4,2026-06-15 05:11:54
1494,475,9,3,156.15,2026-05-05 07:30:17
1495,246,18,1,173.09,2026-07-08 09:47:12
1496,329,3,3,350.62,2026-05-13 23:40:56
1497,320,12,4,399.03,2026-07-14 10:44:46
1498,350,8,4,31.58,2026-07-03 13:21:42
1499,144,10,1,376.9,2026-06-16 03:25:07
1500,338,5,1,64.2,2026-07-16 19:35:08
1501,294,6,3,126.09,2026-05-11 10:23:18
1502,104,4,1,141.24,2026-05-07 10:14:26
1503,220,5,5,140.27,2026-06-20 23:52:41
1504,190,9,2,72.44,2026-05-30 16:58:40
1505,140,14,3,159.99,2026-05-28 11:36:50
1506,229,7,1,31.82,2026-07-02 07:44:36
1507,345,12,5,261.93,2026-05-29 00:17:15
1508,270,9,3,123.91,2026-05-11 23:23:55
1509,125,15,2,161.9,2026-07-08 01:03:41
1510,25,6,2,155.98,2026-05-11 03:11:38
1511,44,8,4,153.07,2026-05-13 18:25:48
1512,209,9,2,246.49,2026-05-22 09:20:38
1513,197,5,3,127.02,2026-06-03 00:58:22
1514,101,18,5,135.71,2026-05-13 11:34:28
1515,1,14,1,292.73,2026-06-25 18:12:45
1516,76,5,1,212.32,2026-07-16 08:22:32
1517,434,15,1,297.56,2026-07-05 07:39:40
1518,405,13,5,236.89,2026-05-08 21:30:47
1519,102,3,3,79.86,2026-07-16 10:49:05
1520,334,11,5,32.17,2026-06-11 05:30:33
1521,114,10,2,249.4,2026-05-26 06:03:48
1522,12,5,3,200.58,2026-06-28 04:41:34
1523,326,3,1,83.2,2026-05-16 15:56:46
1524,353,12,4,257.18,2026-05-19 18:55:03
1525,265,17,5,223.53,2026-06-19 06:29:30
1526,367,5,1,113.2,2026-05-02 20:17:02
1527,400,7,3,70.83,2026-05-12 18:17:39
1528,444,7,2,231.78,2026-05-07 22:53:29
1529,94,3,5,141.42,2026-05-31 07:40:55
1530,196,20,5,393.09,2026-06-16 04:04:57
1531,53,2,5,191.58,2026-07-12 14:07:58
1532,299,2,2,80.35,2026-06-18 22:51:57
1533,164,6,2,285.14,2026-05-10 15:23:14
1534,192,16,4,139.09,2026-04-25 23:30:13
1535,133,18,1,340.5,2026-06-15 08:01:59
1536,213,11,1,234.0,2026-07-09 22:19:52
1537,466,3,1,296.79,2026-07-18 12:12:41
1538,288,17,2,229.34,2026-06-09 02:40:52
1539,442,11,5,43.3,2026-07-20 04:19:32
1540,247,4,2,391.66,2026-06-29 21:23:04
1541,299,17,1,163.8,2026-06-29 17:26:09
1542,494,17,5,289.36,2026-07-16 20:10:42
1543,477,11,1,52.02,2026-07-01 02:16:28
1544,345,2,3,268.01,2026-05-04 14:02:11
1545,484,12,1,116.7,2026-05-14 03:46:32
1546,49,15,4,109.21,2026-07-06 20:54:10
1547,195,5,5,280.16,2026-04-28 04:28:09
1548,311,14,2,65.47,2026-05-17 05:42:54
1549,221,3,4,392.75,2026-07-08 15:32:27
1550,305,4,3,220.97,2026-05-13 21:59:36
1551,383,1,2,368.23,2026-06-21 17:05:44
1552,172,1,3,234.05,2026-07-09 02:02:23
1553,177,5,3,217.66,2026-07-11 11:11:10
1554,292,1,2,161.71,2026-05-20 07:50:45
1555,271,9,4,386.37,2026-07-13 15:08:21
1556,443,12,3,238.08,2026-06-26 21:00:09
1557,306,14,2,164.59,2026-06-26 01:31:05
1558,180,10,5,160.95,2026-06-19 23:00:58
1559,164,1,2,297.62,2026-06-27 07:22:32
1560,203,12,4,382.85,2026-06-24 07:32:34
1561,102,13,5,24.85,2026-06-15 18:04:52
1562,210,8,3,204.24,2026-05-18 06:23:07
1563,445,5,5,195.23,2026-06-02 06:24:49
1564,450,6,5,373.87,2026-06-17 04:35:43
1565,315,12,3,21.53,2026-06-17 17:35:02
1566,176,17,2,177.73,2026-06-05 21:43:02
1567,420,11,5,30.15,2026-06-01 05:43:26
1568,170,9,5,222.93,2026-06-13 20:54:16
1569,423,1,1,220.36,2026-06-06 10:20:36
1570,44,2,1,325.28,2026-05-13 23:27:05
1571,275,20,1,339.41,2026-06-03 06:26:05
1572,189,19,2,289.61,2026-05-13 07:01:01
1573,150,3,3,236.17,2026-05-25 12:13:49
1574,148,16,5,241.79,2026-04-28 16:19:01
1575,196,17,4,318.01,2026-05-01 09:39:26
1576,382,13,5,108.07,2026-05-28 10:29:30
1577,379,20,3,347.4,2026-05-02 22:18:30
1578,231,11,2,399.07,2026-05-28 00:32:38
1579,267,9,5,81.82,2026-04-26 07:21:10
1580,448,17,1,178.66,2026-05-05 10:59:55
1581,5,20,3,310.61,2026-05-08 00:18:59
1582,206,8,5,227.03,2026-06-16 20:42:24
1583,389,9,3,124.03,2026-06-23 09:22:58
1584,330,15,3,77.28,2026-06-29 18:50:30
1585,23,19,5,250.13,2026-06-18 17:39:18
1586,483,18,2,171.43,2026-07-15 05:04:45
1587,453,18,4,97.51,2026-05-27 20:11:05
1588,202,20,2,240.59,2026-05-11 19:25:56
1589,158,9,5,219.82,2026-05-01 18:02:13
1590,43,16,1,182.33,2026-04-28 19:44:33
1591,343,5,5,275.45,2026-05-25 13:54:13
1592,402,15,3,255.38,2026-04-28 23:05:10
1593,480,18,5,73.07,2026-07-12 09:40:51
1594,114,12,2,141.19,2026-07-08 15:45:39
1595,331,7,3,57.11,2026-06-25 12:08:05
1596,453,3,5,32.21,2026-05-16 16:50:17
1597,72,2,2,298.56,2026-06-12 04:06:49
1598,402,20,2,210.71,2026-04-26 06:22:18
1599,372,14,2,165.93,2026-04-30 02:36:36
1600,288,16,1,238.14,2026-06-21 02:27:27
1601,333,7,4,137.5,2026-06-17 01:43:41
1602,306,10,3,335.92,2026-04-26 12:20:18
1603,224,8,5,132.49,2026-07-20 20:41:34
1604,454,18,3,24.56,2026-06-30 04:56:19
1605,26,7,3,325.97,2026-05-15 16:27:09
1606,52,6,4,53.33,2026-05-13 23:29:33
1607,328,17,3,382.22,2026-07-04 17:50:29
1608,242,16,5,152.29,2026-06-26 13:52:10
1609,257,16,2,182.88,2026-05-13 05:37:25
1610,141,16,4,131.66,2026-05-19 21:28:39
1611,228,8,3,96.79,2026-05-07 14:04:25
1612,93,16,2,16.29,2026-05-12 15:38:13
1613,359,10,2,40.08,2026-05-18 14:47:15
1614,460,4,2,347.15,2026-04-29 17:50:39
1615,80,5,1,325.04,2026-06-08 01:49:21
1616,398,14,2,364.65,2026-05-20 09:14:01
1617,472,1,4,108.95,2026-05-26 08:07:59
1618,85,14,2,363.33,2026-06-16 01:32:46
1619,50,9,3,282.79,2026-05-30 05:33:05
1620,1,1,3,119.41,2026-05-25 22:24:02
1621,12,14,2,196.92,2026-06-08 06:36:05
1622,5,17,2,367.34,2026-07-18 01:41:56
1623,81,10,4,130.72,2026-05-31 05:56:50
1624,317,8,3,284.66,2026-06-16 15:53:38
1625,305,2,1,390.26,2026-07-12 07:56:19
1626,414,20,2,226.44,2026-07-01 11:47:04
1627,259,15,1,282.53,2026-07-11 21:23:46
1628,373,2,3,187.12,2026-07-06 10:02:43
1629,101,14,2,82.78,2026-05-30 09:16:01
1630,32,3,2,27.21,2026-06-26 07:53:03
1631,286,7,4,50.01,2026-06-03 04:46:44
1632,435,16,3,223.36,2026-07-09 12:47:25
1633,494,18,5,175.06,2026-06-09 13:13:32
1634,12,12,2,153.07,2026-05-05 23:55:11
1635,54,1,4,64.75,2026-06-26 06:08:45
1636,451,20,1,160.97,2026-06-30 21:02:47
1637,254,4,1,393.45,2026-04-30 12:27:32
1638,344,11,5,375.04,2026-07-06 12:36:10
1639,287,6,3,292.83,2026-06-26 04:49:36
1640,36,11,3,205.52,2026-05-11 20:59:26
1641,283,10,5,144.25,2026-05-13 00:34:02
1642,393,4,3,365.71,2026-07-18 09:41:45
1643,280,6,2,77.61,2026-05-17 02:19:12
1644,355,13,3,316.67,2026-07-21 16:01:05
1645,115,7,4,37.63,2026-06-30 10:04:12
1646,170,6,4,197.01,2026-06-27 16:43:15
1647,44,3,2,333.42,2026-04-23 23:37:23
1648,394,17,4,252.24,2026-06-10 22:30:23
1649,77,11,3,339.77,2026-04-23 04:16:28
1650,185,19,1,82.74,2026-07-06 18:22:44
1651,298,7,4,307.94,2026-06-21 04:13:34
1652,176,5,5,46.66,2026-07-10 19:50:26
1653,217,7,2,23.49,2026-05-23 08:28:20
1654,218,13,4,165.08,2026-06-22 05:18:39
1655,299,2,5,18.25,2026-06-11 18:57:43
1656,332,2,1,21.98,2026-05-20 15:17:08
1657,61,16,5,229.51,2026-04-27 07:16:38
1658,290,15,1,256.7,2026-05-24 14:33:40
1659,108,2,5,248.89,2026-06-20 08:58:16
1660,8,16,2,219.17,2026-06-27 11:07:37
1661,201,19,3,194.87,2026-05-31 17:50:55
1662,350,19,4,317.48,2026-04-26 08:46:45
1663,313,5,2,387.97,2026-05-08 19:18:00
1664,284,10,2,392.0,2026-04-26 20:12:10
1665,413,10,4,323.63,2026-05-29 14:19:51
1666,162,1,3,222.43,2026-07-10 15:59:36
1667,34,6,5,251.12,2026-05-29 07:36:25
1668,121,18,3,53.37,2026-04-30 05:44:23
1669,76,14,4,323.54,2026-06-12 20:45:49
1670,279,12,3,121.18,2026-06-24 12:11:09
1671,113,15,5,348.69,2026-07-17 18:03:04
1672,292,19,5,257.37,2026-04-29 10:30:06
1673,409,8,5,151.55,2026-06-03 19:12:37
1674,312,5,5,89.0,2026-05-06 11:01:35
1675,288,1,2,76.24,2026-07-12 17:34:33
1676,270,8,2,67.87,2026-06-01 09:56:47
1677,317,17,4,115.27,2026-06-06 17:52:37
1678,153,13,5,317.59,2026-07-06 17:50:57
1679,124,10,3,52.79,2026-05-16 16:15:05
1680,214,8,3,198.93,2026-05-29 14:08:55
1681,449,16,2,199.51,2026-05-01 03:41:12
1682,388,20,2,230.16,2026-06-05 15:07:35
1683,369,10,5,60.85,2026-06-30 12:37:48
1684,294,16,1,135.58,2026-06-30 12:27:51
1685,282,13,3,162.61,2026-06-26 18:02:19
1686,201,3,4,250.52,2026-04-28 22:47:11
1687,496,19,5,188.85,2026-04-28 14:54:25
1688,451,1,4,282.52,2026-04-24 16:27:26
1689,402,9,4,180.26,2026-06-15 19:33:59
1690,484,9,3,356.6,2026-06-18 08:01:23
1691,214,6,5,112.99,2026-07-07 11:59:48
1692,105,13,4,197.54,2026-06-21 20:30:10
1693,406,7,4,140.6,2026-05-04 10:29:44
1694,346,5,2,110.71,2026-06-28 00:31:33
1695,333,3,3,354.54,2026-05-22 13:06:49
1696,77,7,4,360.21,2026-05-27 21:04:14
1697,179,3,1,185.63,2026-06-15 23:30:34
1698,326,5,5,235.42,2026-05-07 12:22:24
1699,11,5,3,208.41,2026-06-09 23:46:15
1700,70,9,4,258.8,2026-06-06 23:11:43
1701,290,12,1,360.41,2026-05-04 20:27:00
1702,327,5,1,155.96,2026-06-02 21:32:54
1703,402,18,2,185.26,2026-07-09 00:31:15
1704,343,3,5,145.71,2026-07-19 18:36:10
1705,348,3,3,119.46,2026-07-02 12:07:47
1706,79,8,1,271.04,2026-05-06 14:52:45
1707,434,20,4,48.09,2026-05-05 08:39:57
1708,179,6,3,328.57,2026-05-02 06:17:30
1709,226,11,1,292.53,2026-06-07 10:14:17
1710,157,5,4,183.3,2026-07-19 08:55:30
1711,442,13,1,52.33,2026-06-14 11:03:35
1712,244,11,1,187.9,2026-04-25 18:02:54
1713,81,6,3,49.58,2026-07-17 00:30:38
1714,270,17,3,286.57,2026-06-26 19:10:25
1715,424,20,1,394.91,2026-05-03 21:35:59
1716,382,5,3,54.56,2026-05-14 17:07:17
1717,203,13,1,171.16,2026-05-12 14:27:01
1718,485,4,2,326.93,2026-05-29 18:44:28
1719,343,7,1,87.09,2026-05-12 01:43:41
1720,182,8,1,231.54,2026-05-25 06:17:30
1721,263,13,4,235.65,2026-05-21 06:05:20
1722,188,12,4,171.83,2026-07-10 21:00:26
1723,253,7,5,46.37,2026-06-25 00:13:52
1724,5,1,3,217.6,2026-04-27 21:05:18
1725,81,1,2,262.09,2026-06-03 11:43:52
1726,413,12,3,145.41,2026-05-31 17:20:28
1727,350,11,5,381.0,2026-05-14 16:51:57
1728,213,10,2,203.15,2026-05-25 12:25:16
1729,269,19,3,215.1,2026-05-28 04:26:27
1730,445,20,1,137.84,2026-07-01 07:45:05
1731,397,12,4,368.4,2026-05-29 11:28:22
1732,336,6,1,102.21,2026-05-29 02:03:07
1733,32,4,1,216.02,2026-05-13 15:11:30
1734,84,4,3,177.02,2026-06-04 18:23:38
1735,367,5,4,231.25,2026-05-01 02:57:14
1736,77,4,3,78.2,2026-07-08 12:25:49
1737,132,11,3,177.32,2026-07-11 18:06:18
1738,88,3,4,203.77,2026-07-20 23:46:07
1739,133,10,4,244.29,2026-04-25 18:51:53
1740,326,14,4,166.14,2026-06-23 07:08:52
1741,188,1,3,235.94,2026-06-24 04:57:59
1742,311,7,1,322.78,2026-06-03 19:16:54
1743,209,10,5,82.84,2026-04-23 07:08:16
1744,449,6,2,190.67,2026-07-03 16:10:18
1745,192,8,2,218.28,2026-06-30 10:55:54
1746,74,10,2,305.24,2026-05-15 00:20:20
1747,389,12,3,297.68,2026-04-23 09:23:19
1748,112,17,3,287.71,2026-06-26 07:19:32
1749,272,14,5,49.09,2026-04-30 01:22:04
1750,67,4,2,189.53,2026-07-01 05:59:03
1751,403,14,1,238.81,2026-06-18 01:49:50
1752,164,12,4,49.74,2026-06-14 03:53:35
1753,380,18,5,212.43,2026-06-28 06:16:12
1754,462,14,3,139.37,2026-05-18 06:50:22
1755,275,18,2,49.79,2026-06-13 19:49:21
1756,21,2,2,317.2,2026-06-22 06:33:29
1757,459,1,3,83.85,2026-05-13 01:17:24
1758,154,1,3,375.87,2026-05-01 08:28:51
1759,6,16,1,275.72,2026-05-23 04:45:58
1760,162,10,2,58.19,2026-07-21 18:59:07
1761,273,11,2,207.87,2026-05-01 03:16:38
1762,205,17,4,239.71,2026-04-27 22:44:53
1763,19,6,2,75.72,2026-05-23 18:18:13
1764,384,7,1,399.37,2026-05-09 01:14:38
1765,37,17,5,353.99,2026-06-13 05:36:48
1766,83,4,1,93.63,2026-06-25 08:38:23
1767,489,10,3,377.64,2026-06-05 15:28:38
1768,213,2,3,214.34,2026-06-15 21:31:06
1769,467,12,3,375.75,2026-07-08 00:09:24
1770,273,15,5,351.08,2026-05-04 19:33:29
1771,300,10,3,199.28,2026-07-19 17:11:31
1772,141,4,2,336.32,2026-05-14 20:45:49
1773,374,3,1,215.18,2026-05-09 14:31:03
1774,215,8,4,253.05,2026-07-05 06:44:30
1775,329,7,5,187.14,2026-06-13 00:52:38
1776,468,4,2,342.01,2026-05-24 15:26:50
1777,445,19,3,269.57,2026-06-14 11:43:01
1778,447,17,2,154.53,2026-04-29 11:30:10
1779,71,20,4,67.72,2026-06-16 18:07:30
1780,400,10,1,206.94,2026-06-01 23:19:36
1781,107,1,5,389.18,2026-07-08 12:49:04
1782,16,9,2,214.17,2026-04-26 17:37:42
1783,375,13,2,44.05,2026-07-15 18:05:49
1784,332,18,3,30.45,2026-07-01 22:51:13
1785,253,17,4,129.67,2026-06-19 06:20:09
1786,238,3,5,239.6,2026-05-04 12:13:33
1787,67,14,1,80.89,2026-06-26 14:41:57
1788,285,10,2,195.86,2026-06-14 02:07:34
1789,404,10,5,338.35,2026-07-20 21:09:34
1790,247,1,5,29.28,2026-06-17 00:38:11
1791,296,9,2,281.22,2026-05-02 13:40:09
1792,105,6,5,22.9,2026-06-30 04:29:25
1793,313,7,3,381.55,2026-07-09 00:31:27
1794,353,18,3,98.48,2026-06-09 05:46:18
1795,312,11,3,99.18,2026-06-09 07:31:57
1796,467,2,1,341.28,2026-05-18 13:31:09
1797,308,4,1,229.58,2026-05-05 21:13:46
1798,1,6,5,224.56,2026-06-24 22:47:23
1799,46,9,5,360.46,2026-07-08 06:17:39
1800,248,9,1,296.73,2026-06-18 08:06:19
1801,79,12,3,341.89,2026-06-20 15:45:48
1802,207,11,2,47.23,2026-06-29 11:16:43
1803,223,9,5,306.2,2026-05-09 16:59:40
1804,241,17,2,227.68,2026-06-20 23:49:27
1805,454,7,1,175.62,2026-06-10 23:29:45
1806,381,7,1,181.73,2026-05-30 14:59:17
1807,367,16,2,161.84,2026-07-08 21:20:18
1808,483,8,4,81.87,2026-05-22 06:59:39
1809,164,11,5,296.74,2026-06-16 23:34:04
1810,110,12,1,185.26,2026-07-13 07:46:16
1811,436,10,1,232.16,2026-04-26 04:21:30
1812,477,16,5,271.91,2026-04-27 12:22:44
1813,380,6,1,307.56,2026-05-12 00:14:02
1814,230,5,2,316.55,2026-06-27 03:34:59
1815,129,16,3,77.62,2026-04-28 21:38:33
1816,81,2,5,399.43,2026-05-04 04:06:44
1817,315,17,1,125.74,2026-07-18 21:07:22
1818,448,4,3,76.56,2026-06-21 11:38:23
1819,312,2,2,254.0,2026-05-25 04:36:02
1820,282,2,5,249.1,2026-07-14 13:08:44
1821,412,19,5,346.33,2026-06-21 04:43:01
1822,384,18,3,330.95,2026-06-13 01:01:02
1823,33,5,5,242.42,2026-07-16 11:10:51
1824,105,5,3,133.55,2026-05-12 13:35:09
1825,199,16,1,249.42,2026-05-18 15:26:06
1826,479,14,2,303.45,2026-05-15 07:26:42
1827,343,20,5,49.38,2026-05-03 14:01:50
1828,382,14,3,225.16,2026-06-13 21:27:06
1829,49,2,4,324.93,2026-05-21 00:19:21
1830,227,14,5,305.11,2026-06-28 04:02:45
1831,245,17,4,226.37,2026-05-02 15:28:48
1832,228,13,3,102.15,2026-05-15 11:36:37
1833,200,11,2,279.53,2026-07-08 00:38:09
1834,354,8,1,139.14,2026-05-14 23:31:53
1835,456,2,2,189.08,2026-04-24 21:17:43
1836,341,10,1,73.92,2026-06-01 22:02:45
1837,121,15,5,339.82,2026-04-25 01:40:15
1838,194,4,5,244.48,2026-05-12 19:31:56
1839,52,11,5,55.85,2026-05-22 09:39:44
1840,213,19,3,233.29,2026-06-16 10:39:12
1841,213,11,2,146.43,2026-05-20 09:14:11
1842,339,15,3,396.84,2026-07-16 01:52:16
1843,162,16,5,380.89,2026-06-17 18:29:03
1844,146,14,4,397.8,2026-06-01 15:21:41
1845,99,19,3,302.95,2026-07-09 11:56:03
1846,311,2,1,257.51,2026-07-17 00:10:11
1847,252,1,2,140.45,2026-04-23 11:19:23
1848,423,10,2,278.01,2026-07-03 03:51:21
1849,236,19,1,99.83,2026-05-24 12:34:48
1850,328,8,3,310.54,2026-06-19 08:26:12
1851,353,5,1,191.92,2026-06-30 14:27:44
1852,121,15,5,275.99,2026-06-19 10:48:31
1853,1,1,1,62.95,2026-07-01 22:47:35
1854,200,4,1,395.57,2026-07-11 05:25:02
1855,164,19,3,212.44,2026-05-04 13:58:29
1856,231,8,4,386.87,2026-06-24 21:21:24
1857,7,6,5,59.22,2026-05-25 17:58:54
1858,25,20,4,69.08,2026-07-06 15:55:46
1859,496,7,5,290.74,2026-06-01 05:30:32
1860,352,10,1,355.45,2026-06-27 03:13:06
1861,210,17,4,117.08,2026-06-05 22:48:23
1862,443,16,1,239.62,2026-05-10 21:28:36
1863,131,17,2,278.04,2026-07-18 11:30:30
1864,206,17,3,278.45,2026-06-16 07:06:00
1865,452,8,5,223.39,2026-04-24 20:36:40
1866,103,19,3,292.87,2026-05-17 19:45:58
1867,352,4,3,136.21,2026-05-15 09:37:46
1868,238,11,2,249.76,2026-06-02 23:19:13
1869,417,15,1,277.07,2026-05-09 06:24:24
1870,139,14,5,254.03,2026-05-23 16:44:24
1871,202,8,5,176.48,2026-05-22 13:25:23
1872,369,2,3,215.71,2026-06-05 17:16:37
1873,314,17,3,31.52,2026-07-18 08:31:55
1874,365,14,1,131.2,2026-07-07 03:05:24
1875,457,2,4,77.3,2026-05-18 21:29:17
1876,183,9,2,295.32,2026-04-27 20:21:41
1877,54,4,2,95.83,2026-05-04 15:19:01
1878,275,19,5,127.84,2026-06-26 22:10:10
1879,255,15,2,281.53,2026-05-30 16:54:56
1880,457,11,1,398.18,2026-06-17 21:31:58
1881,279,14,4,310.22,2026-06-08 17:26:11
1882,466,20,2,392.53,2026-05-09 16:06:54
1883,161,17,1,173.02,2026-05-23 05:11:45
1884,56,18,4,165.36,2026-06-09 07:11:26
1885,466,15,1,385.54,2026-07-13 00:05:48
1886,1,19,2,75.66,2026-06-04 11:52:50
1887,121,17,3,48.3,2026-05-19 15:58:53
1888,281,17,4,196.13,2026-06-25 12:53:45
1889,488,19,1,204.19,2026-06-21 04:29:21
1890,130,11,2,288.65,2026-06-28 07:05:52
1891,114,15,3,351.3,2026-05-23 05:41:03
1892,369,19,4,55.17,2026-05-06 05:27:58
1893,245,9,2,383.77,2026-07-15 08:02:25
1894,273,6,3,311.77,2026-07-13 03:51:41
1895,5,5,5,132.52,2026-06-13 17:00:28
1896,21,18,4,258.8,2026-07-21 08:15:50
1897,161,14,1,285.43,2026-05-02 06:54:28
1898,241,14,2,375.1,2026-07-01 20:43:41
1899,76,4,4,155.67,2026-07-03 22:21:45
1900,398,1,2,175.69,2026-07-19 21:03:10
1901,335,11,2,65.45,2026-07-13 22:37:36
1902,495,7,4,34.38,2026-07-19 10:53:02
1903,210,19,1,167.49,2026-07-12 13:31:11
1904,2,15,3,335.89,2026-06-17 04:38:46
1905,178,4,1,184.89,2026-07-20 01:36:03
1906,59,18,1,312.2,2026-04-26 01:28:43
1907,183,1,5,20.45,2026-05-16 10:14:50
1908,377,18,2,96.53,2026-07-02 15:30:16
1909,428,18,1,137.22,2026-05-06 17:50:45
1910,100,5,1,116.72,2026-06-01 21:18:13
1911,411,7,1,38.67,2026-06-03 21:41:29
1912,238,12,5,154.07,2026-06-10 08:38:17
1913,375,3,2,186.27,2026-06-03 05:52:47
1914,208,4,1,199.19,2026-05-29 15:19:42
1915,36,12,4,242.84,2026-05-24 14:07:29
1916,145,6,2,228.72,2026-06-27 22:44:22
1917,129,8,5,334.01,2026-07-17 11:17:44
1918,366,19,1,395.7,2026-07-17 06:50:06
1919,355,15,4,95.76,2026-07-19 12:46:33
1920,196,7,5,338.99,2026-07-18 12:21:38
1921,321,12,2,152.6,2026-06-25 13:14:41
1922,344,11,2,306.52,2026-06-09 01:51:04
1923,217,3,3,364.3,2026-06-15 01:02:39
1924,491,4,4,359.38,2026-05-15 21:47:14
1925,490,10,2,157.29,2026-07-04 11:05:24
1926,35,8,4,329.29,2026-06-10 00:03:34
1927,375,18,3,218.53,2026-05-31 16:00:33
1928,178,3,4,301.46,2026-06-29 11:40:44
1929,156,13,4,137.57,2026-05-13 05:00:38
1930,12,10,2,127.69,2026-05-08 23:51:03
1931,474,17,1,357.07,2026-05-01 21:28:28
1932,134,8,1,130.64,2026-07-07 06:36:14
1933,202,13,3,355.19,2026-06-16 15:24:59
1934,74,10,4,54.34,2026-07-04 13:11:54
1935,290,15,2,324.68,2026-06-28 15:37:15
1936,125,19,3,316.46,2026-07-01 10:42:44
1937,104,18,3,288.63,2026-05-21 06:31:37
1938,269,10,1,233.74,2026-07-13 09:16:22
1939,54,14,2,110.28,2026-07-04 07:20:52
1940,429,6,2,37.21,2026-05-04 06:12:49
1941,178,15,1,167.16,2026-07-07 02:59:47
1942,139,9,5,282.24,2026-06-03 08:52:45
1943,245,8,1,304.52,2026-06-02 21:51:33
1944,202,15,5,253.86,2026-06-16 16:41:27
1945,391,5,4,266.53,2026-04-27 01:03:47
1946,496,17,5,240.35,2026-07-16 16:18:42
1947,495,5,3,79.62,2026-06-29 05:46:17
1948,403,9,2,373.0,2026-05-13 04:26:27
1949,63,17,1,205.19,2026-06-11 10:20:29
1950,350,3,2,188.19,2026-05-04 07:00:28
1951,465,18,2,201.24,2026-06-13 23:38:30
1952,123,1,2,125.42,2026-05-27 05:53:58
1953,372,9,4,239.54,2026-06-21 14:34:37
1954,410,8,4,226.73,2026-05-13 14:10:42
1955,159,13,1,175.6,2026-07-17 21:49:03
1956,53,10,5,363.23,2026-07-11 17:38:05
1957,114,19,4,183.34,2026-05-19 02:58:51
1958,264,17,4,370.72,2026-04-29 10:52:39
1959,229,19,1,203.7,2026-05-11 12:08:15
1960,422,19,4,335.63,2026-06-28 03:06:49
1961,46,15,2,359.28,2026-07-02 12:29:20
1962,28,1,3,394.76,2026-04-27 14:01:51
1963,446,17,2,208.76,2026-05-02 08:05:47
1964,155,6,1,191.43,2026-06-15 20:28:09
1965,97,7,2,313.62,2026-06-03 07:37:48
1966,428,7,3,117.96,2026-06-15 14:01:23
1967,293,5,5,136.96,2026-06-09 07:03:24
1968,450,1,2,120.8,2026-07-06 02:23:04
1969,205,3,5,306.66,2026-04-30 07:17:22
1970,278,8,3,90.24,2026-04-30 13:19:25
1971,222,14,5,258.88,2026-06-20 08:36:36
1972,371,19,2,294.26,2026-06-27 08:00:25
1973,207,8,4,253.7,2026-05-09 01:57:08
1974,351,1,2,360.72,2026-05-03 03:12:36
1975,60,11,4,56.33,2026-07-16 05:49:55
1976,312,4,5,188.77,2026-06-13 18:48:00
1977,4,10,1,250.75,2026-07-16 14:37:39
1978,24,11,1,353.68,2026-05-08 00:40:31
1979,442,14,4,135.41,2026-07-17 17:01:35
1980,440,1,2,266.95,2026-07-13 18:51:28
1981,444,4,1,260.41,2026-06-19 20:33:09
1982,99,14,3,133.7,2026-07-13 04:35:37
1983,163,18,3,167.07,2026-05-26 22:31:51
1984,345,17,3,41.53,2026-05-18 00:42:34
1985,67,14,4,318.47,2026-05-03 12:50:34
1986,184,6,5,92.34,2026-05-29 17:51:02
1987,254,11,5,242.37,2026-05-22 05:53:02
1988,208,2,4,332.97,2026-07-20 13:37:35
1989,5,4,1,188.92,2026-06-29 19:59:43
1990,464,19,5,104.26,2026-07-02 05:32:30
1991,274,9,3,112.87,2026-06-19 19:42:42
1992,280,10,5,139.15,2026-06-10 04:44:32
1993,4,12,5,266.38,2026-07-06 05:10:13
1994,258,11,2,252.23,2026-07-15 17:31:13
1995,42,2,3,70.02,2026-06-19 10:44:33
1996,1,13,5,116.37,2026-06-28 17:26:22
1997,319,3,5,276.18,2026-06-27 13:27:39
1998,43,9,2,336.02,2026-06-30 09:19:30
1999,199,4,2,369.62,2026-05-19 12:02:13
2000,168,7,3,237.66,2026-07-21 17:00:17
2001,322,13,5,99.37,2026-07-15 00:53:57
2002,67,10,5,337.81,2026-07-17 11:19:48
2003,24,14,4,353.88,2026-06-17 16:11:14
2004,143,18,1,310.79,2026-05-23 05:57:18
2005,266,11,1,66.55,2026-06-15 18:14:30
2006,149,6,1,293.64,2026-07-06 09:02:46
2007,230,19,3,251.24,2026-05-05 19:57:49
2008,164,8,1,169.99,2026-07-06 19:27:30
2009,447,12,3,173.15,2026-05-30 21:20:24
2010,46,5,1,203.46,2026-06-19 20:01:09
2011,434,2,5,51.94,2026-07-13 20:59:26
2012,151,3,1,231.68,2026-05-09 19:15:59
2013,110,6,3,152.91,2026-04-25 12:33:47
2014,419,17,3,198.9,2026-05-08 18:48:52
2015,431,5,1,204.11,2026-06-20 07:39:03
2016,263,6,2,362.67,2026-06-13 06:35:14
2017,277,4,1,135.81,2026-05-28 21:01:43
2018,223,3,4,244.2,2026-05-20 05:28:34
2019,168,19,3,223.42,2026-05-03 05:14:56
2020,475,17,4,166.09,2026-04-22 23:53:22
2021,282,3,4,207.46,2026-06-14 22:11:58
2022,492,7,3,211.51,2026-07-13 10:10:43
2023,187,8,3,148.92,2026-07-17 14:56:22
2024,160,10,4,131.07,2026-04-27 23:39:06
2025,188,20,3,336.01,2026-06-08 02:52:59
2026,141,3,2,185.48,2026-07-05 14:34:15
2027,344,15,5,341.53,2026-07-01 16:50:02
2028,321,9,2,70.37,2026-07-15 09:23:35
2029,147,9,5,365.76,2026-04-28 06:45:23
2030,103,13,1,288.42,2026-06-08 08:08:04
2031,13,11,3,100.03,2026-05-04 11:23:45
2032,428,9,2,230.23,2026-06-20 02:20:29
2033,72,11,4,319.54,2026-06-15 15:01:51
2034,490,19,5,220.43,2026-06-05 23:14:43
2035,406,2,4,31.08,2026-05-05 22:12:27
2036,5,11,3,79.32,2026-05-10 09:33:16
2037,439,13,4,106.74,2026-05-15 09:44:10
2038,157,7,5,350.93,2026-04-23 02:38:37
2039,483,18,5,166.87,2026-06-12 05:16:48
2040,133,1,5,324.26,2026-05-10 10:06:56
2041,25,16,4,53.6,2026-05-25 16:39:50
2042,420,19,1,189.88,2026-05-02 12:48:56
2043,459,5,4,375.96,2026-04-30 10:16:17
2044,382,2,3,390.65,2026-05-31 12:22:33
2045,500,15,5,366.94,2026-05-15 01:07:59
2046,287,17,3,329.39,2026-07-05 08:09:00
2047,225,4,4,340.9,2026-05-21 23:27:44
2048,342,19,2,55.39,2026-06-01 15:31:05
2049,384,2,4,254.17,2026-06-24 15:13:50
2050,463,7,2,220.96,2026-07-18 02:34:40
2051,55,8,5,332.54,2026-06-15 23:36:07
2052,243,3,4,237.29,2026-04-24 00:46:16
2053,403,20,1,145.71,2026-06-12 15:41:09
2054,370,5,4,179.29,2026-06-09 09:39:44
2055,166,18,1,312.99,2026-06-20 09:57:26
2056,254,10,1,237.52,2026-04-28 02:24:06
2057,110,11,1,371.48,2026-06-20 09:21:44
2058,146,9,1,59.94,2026-06-07 18:03:07
2059,274,2,4,100.85,2026-05-07 00:18:45
2060,420,18,1,201.01,2026-07-03 10:06:39
2061,274,17,3,315.88,2026-07-15 08:57:03
2062,97,3,5,19.51,2026-06-30 16:42:29
2063,428,15,4,80.8,2026-06-22 13:36:14
2064,129,8,2,384.1,2026-07-18 16:54:00
2065,247,20,1,217.21,2026-04-30 03:02:53
2066,318,20,5,174.14,2026-05-04 18:12:49
2067,289,13,3,189.36,2026-06-08 23:46:38
2068,246,15,3,59.74,2026-06-05 07:23:30
2069,104,7,4,57.19,2026-06-09 06:16:15
2070,443,20,1,294.72,2026-06-03 19:27:41
2071,164,7,4,386.15,2026-05-18 07:39:51
2072,50,5,1,208.05,2026-05-11 05:27:04
2073,282,7,1,387.44,2026-04-26 00:34:11
2074,168,18,3,346.52,2026-06-19 13:16:20
2075,389,12,3,50.07,2026-05-18 08:16:12
2076,85,17,4,285.8,2026-05-29 21:25:12
2077,446,2,2,236.33,2026-06-27 18:46:40
2078,383,9,3,361.18,2026-05-26 03:26:29
2079,176,11,4,238.46,2026-05-01 20:21:27
2080,192,7,5,348.82,2026-07-13 23:42:52
2081,184,13,5,55.72,2026-04-24 15:49:58
2082,429,5,5,397.35,2026-06-17 11:16:21
2083,236,17,4,69.41,2026-05-03 09:15:19
2084,490,18,1,287.18,2026-06-08 02:41:41
2085,13,10,4,238.88,2026-06-11 07:27:11
2086,69,16,5,175.92,2026-05-17 01:27:01
2087,19,10,4,302.63,2026-05-06 16:19:05
2088,42,16,3,100.09,2026-06-03 00:37:57
2089,359,10,1,261.34,2026-05-04 11:41:08
2090,422,14,3,254.55,2026-06-23 11:55:25
2091,221,13,2,258.38,2026-05-12 09:18:01
2092,280,20,1,391.94,2026-05-29 09:24:13
2093,239,1,1,396.72,2026-05-15 04:36:32
2094,382,10,3,337.65,2026-05-31 11:10:57
2095,170,10,4,177.97,2026-06-18 09:22:09
2096,225,5,2,79.97,2026-07-17 21:54:37
2097,122,1,2,399.01,2026-07-08 13:10:58
2098,146,16,1,251.23,2026-07-21 00:14:49
2099,111,11,5,371.35,2026-07-05 04:46:58
2100,98,15,4,389.74,2026-05-02 11:37:50
2101,191,9,1,283.77,2026-07-03 00:55:04
2102,403,11,1,140.8,2026-05-30 03:03:26
2103,52,2,1,202.95,2026-05-04 10:40:11
2104,240,15,2,385.62,2026-06-04 01:57:07
2105,328,20,3,221.59,2026-07-16 08:25:37
2106,130,14,3,101.32,2026-06-22 02:09:12
2107,161,3,3,216.85,2026-07-07 16:15:47
2108,412,20,3,62.04,2026-06-22 06:22:02
2109,228,16,1,376.38,2026-07-12 04:28:06
2110,170,3,3,68.93,2026-07-02 05:17:35
2111,118,1,4,332.62,2026-07-14 04:12:52
2112,237,1,2,65.35,2026-05-15 22:08:56
2113,473,7,2,146.1,2026-07-15 03:39:42
2114,136,4,3,81.98,2026-06-03 21:37:00
2115,59,12,4,347.41,2026-04-27 00:01:19
2116,400,1,4,165.77,2026-05-06 08:15:27
2117,277,8,5,62.2,2026-05-09 03:36:32
2118,377,8,3,110.55,2026-07-07 21:11:42
2119,342,7,5,204.43,2026-05-10 02:47:03
2120,324,5,1,312.27,2026-06-02 05:17:35
2121,465,4,4,315.33,2026-05-09 05:12:41
2122,190,5,1,186.12,2026-07-06 09:18:07
2123,343,2,2,375.17,2026-05-20 01:37:05
2124,306,14,5,244.61,2026-05-13 13:35:50
2125,200,16,1,214.5,2026-05-13 11:49:48
2126,43,6,1,91.05,2026-04-24 12:57:11
2127,320,3,5,309.3,2026-06-04 23:28:04
2128,453,1,4,66.64,2026-05-10 17:14:14
2129,372,5,1,263.44,2026-05-31 04:31:31
2130,219,4,5,27.22,2026-06-25 11:29:40
2131,32,17,5,338.09,2026-05-20 06:49:05
2132,465,20,5,132.23,2026-04-27 21:30:32
2133,42,1,1,219.57,2026-05-14 19:03:09
2134,400,4,1,169.14,2026-07-08 02:30:41
2135,399,3,2,199.45,2026-06-14 17:36:54
2136,49,17,4,81.34,2026-05-03 22:33:54
2137,413,9,5,242.18,2026-07-01 02:48:20
2138,76,15,2,255.45,2026-06-10 00:21:31
2139,148,5,3,151.83,2026-05-05 00:12:17
2140,160,7,5,216.46,2026-07-17 10:49:06
2141,53,5,5,335.77,2026-05-02 15:47:13
2142,359,20,4,19.87,2026-07-16 06:44:05
2143,315,5,5,242.74,2026-07-03 05:04:57
2144,355,2,2,388.73,2026-06-25 05:57:15
2145,105,17,3,109.9,2026-06-17 11:04:36
2146,271,4,5,339.94,2026-05-02 00:26:46
2147,342,17,3,216.83,2026-07-20 19:36:09
2148,5,17,3,138.77,2026-05-17 10:43:26
2149,67,10,5,379.5,2026-07-12 05:51:33
2150,342,5,2,151.09,2026-06-03 06:06:10
2151,144,18,4,46.11,2026-05-30 18:02:12
2152,14,17,5,131.09,2026-06-12 21:06:15
2153,276,19,4,23.72,2026-07-16 02:01:07
2154,34,11,5,351.67,2026-07-09 22:16:50
2155,79,2,5,248.56,2026-07-10 03:45:53
2156,59,15,5,124.06,2026-06-24 12:43:32
2157,309,9,4,240.76,2026-04-23 01:25:53
2158,296,4,5,274.99,2026-07-07 15:48:40
2159,381,19,5,56.93,2026-05-06 06:03:17
2160,147,14,5,346.6,2026-04-23 16:46:46
2161,123,4,5,356.13,2026-05-21 21:48:18
2162,492,3,1,52.81,2026-06-25 12:23:37
2163,80,11,4,87.53,2026-06-17 12:13:53
2164,100,3,3,125.82,2026-06-01 15:21:11
2165,327,9,2,144.79,2026-05-19 06:07:48
2166,299,7,2,395.61,2026-05-20 21:12:07
2167,79,10,2,122.37,2026-06-06 12:10:33
2168,120,20,2,336.33,2026-07-18 20:01:43
2169,56,9,3,154.77,2026-07-05 23:55:05
2170,450,2,3,171.67,2026-06-09 04:26:50
2171,468,19,3,165.3,2026-04-26 13:53:01
2172,432,20,1,383.92,2026-06-02 08:08:48
2173,398,14,2,366.43,2026-05-12 22:08:26
2174,481,13,2,235.3,2026-07-11 13:49:55
2175,425,5,1,298.15,2026-05-14 15:47:36
2176,190,7,5,100.65,2026-07-08 08:22:49
2177,479,17,5,137.75,2026-07-05 16:26:25
2178,393,7,1,395.9,2026-07-06 08:07:59
2179,178,11,5,232.44,2026-07-13 02:08:00
2180,80,18,1,138.29,2026-05-10 19:46:14
2181,408,2,1,132.07,2026-07-21 10:13:53
2182,477,6,1,288.01,2026-04-24 22:17:16
2183,345,13,2,126.3,2026-06-26 19:00:11
2184,85,16,5,361.44,2026-05-27 08:52:35
2185,32,2,1,393.54,2026-04-28 14:10:58
2186,219,18,2,85.73,2026-07-16 08:42:52
2187,374,6,4,164.13,2026-07-03 13:27:01
2188,245,4,2,15.79,2026-05-28 07:03:35
2189,461,20,4,290.6,2026-07-04 13:43:08
2190,44,1,5,110.52,2026-06-26 22:52:28
2191,216,6,4,136.58,2026-05-23 07:46:48
2192,405,3,2,213.0,2026-06-27 10:13:23
2193,454,4,2,215.75,2026-07-05 14:15:34
2194,162,8,5,137.67,2026-06-01 20:09:39
2195,264,13,4,81.64,2026-05-22 01:20:35
2196,204,15,2,59.31,2026-06-15 07:18:32
2197,417,16,2,149.15,2026-06-22 15:00:11
2198,400,14,2,97.22,2026-05-06 01:39:42
2199,450,12,4,289.25,2026-05-26 06:53:48
2200,210,8,5,128.67,2026-06-23 19:35:10
2201,69,13,1,173.37,2026-07-12 14:10:50
2202,134,1,1,336.37,2026-06-09 10:45:55
2203,386,3,1,312.16,2026-07-08 19:38:42
2204,317,4,5,186.43,2026-05-29 06:26:56
2205,454,15,1,230.12,2026-04-26 08:11:04
2206,191,5,1,199.09,2026-05-18 01:05:20
2207,393,6,2,393.63,2026-06-30 22:56:44
2208,4,16,3,345.65,2026-06-09 17:16:01
2209,459,19,3,22.78,2026-07-06 12:01:49
2210,465,1,1,279.64,2026-06-17 07:55:13
2211,10,4,1,322.14,2026-07-09 19:30:57
2212,272,14,4,254.69,2026-06-14 12:31:24
2213,63,3,5,61.33,2026-06-23 06:19:51
2214,40,19,1,264.34,2026-06-04 11:41:59
2215,250,8,1,31.87,2026-04-23 08:06:53
2216,236,8,1,25.82,2026-06-23 08:25:36
2217,19,5,2,278.3,2026-07-18 22:22:07
2218,149,11,4,272.94,2026-05-23 20:10:17
2219,227,17,4,16.91,2026-07-13 16:15:14
2220,111,6,4,188.24,2026-07-05 01:41:32
2221,323,14,2,386.66,2026-05-10 02:36:05
2222,416,2,5,213.77,2026-05-10 17:26:12
2223,278,8,2,258.1,2026-05-02 00:05:57
2224,151,18,4,65.17,2026-05-30 06:07:34
2225,171,4,3,111.61,2026-05-25 17:46:39
2226,120,18,5,377.61,2026-05-10 15:28:17
2227,473,10,3,58.71,2026-05-13 03:03:37
2228,50,11,3,314.32,2026-05-19 20:06:18
2229,352,15,3,341.84,2026-07-01 04:56:34
2230,495,15,1,102.18,2026-05-05 19:07:37
2231,426,17,5,295.07,2026-07-21 10:30:36
2232,432,2,4,194.12,2026-05-30 20:25:05
2233,296,17,4,286.22,2026-06-27 08:17:17
2234,26,8,3,229.34,2026-06-06 10:55:01
2235,391,17,2,346.78,2026-04-24 14:54:07
2236,443,6,2,71.13,2026-05-25 16:28:50
2237,28,15,4,249.3,2026-06-25 10:06:38
2238,132,7,2,251.99,2026-07-06 05:06:54
2239,302,9,5,169.0,2026-04-25 13:48:33
2240,410,2,3,353.52,2026-06-13 00:42:28
2241,458,4,4,226.42,2026-05-29 12:13:26
2242,82,18,3,233.97,2026-06-28 00:22:34
2243,430,7,2,32.28,2026-07-17 12:00:16
2244,41,8,2,60.22,2026-06-26 08:27:58
2245,92,8,1,101.05,2026-06-24 17:53:46
2246,6,2,1,203.36,2026-06-01 12:40:02
2247,473,2,1,252.76,2026-06-11 10:32:03
2248,468,17,3,134.01,2026-05-18 15:36:55
2249,92,6,4,191.8,2026-05-02 14:52:13
2250,286,19,5,288.39,2026-05-19 06:34:29
2251,421,18,3,126.43,2026-04-28 00:29:32
2252,372,5,3,378.39,2026-06-16 15:14:51
2253,439,15,3,362.34,2026-05-01 06:29:40
2254,410,10,5,258.26,2026-05-02 00:01:53
2255,333,8,2,379.8,2026-06-07 04:12:36
2256,183,5,5,97.45,2026-04-30 18:36:20
2257,424,10,5,122.98,2026-06-15 19:47:17
2258,143,17,3,331.08,2026-06-18 23:02:30
2259,247,7,4,57.71,2026-05-05 15:14:51
2260,446,19,5,203.22,2026-06-01 05:33:07
2261,275,10,1,201.9,2026-06-20 00:22:38
2262,175,6,3,258.98,2026-07-10 23:17:15
2263,351,6,1,134.13,2026-06-27 08:15:16
2264,434,20,3,173.79,2026-05-08 07:45:18
2265,344,12,3,89.41,2026-05-22 04:50:09
2266,441,15,3,304.33,2026-06-21 13:34:50
2267,298,15,3,260.85,2026-05-04 11:22:07
2268,168,10,5,106.59,2026-06-18 18:53:48
2269,293,20,1,259.16,2026-05-04 06:08:16
2270,293,12,4,311.67,2026-07-15 09:59:49
2271,161,17,2,266.72,2026-06-09 14:39:06
2272,230,8,3,142.2,2026-05-19 02:27:03
2273,161,10,5,308.06,2026-04-29 12:23:48
2274,142,9,5,228.16,2026-04-26 18:40:50
2275,246,9,3,388.34,2026-04-24 17:19:30
2276,487,1,2,262.91,2026-06-05 01:21:22
2277,476,1,3,106.22,2026-06-05 20:33:18
2278,91,15,3,20.3,2026-07-12 20:24:13
2279,280,12,5,73.48,2026-05-01 23:11:42
2280,61,20,5,32.04,2026-05-28 12:52:04
2281,266,17,5,270.94,2026-05-12 08:44:25
2282,110,16,3,95.9,2026-06-15 11:17:36
2283,367,14,5,218.88,2026-06-16 15:04:46
2284,148,14,3,163.04,2026-07-08 10:55:33
2285,226,3,2,377.36,2026-05-03 12:12:24
2286,139,20,5,84.38,2026-06-13 06:52:57
2287,89,15,2,116.04,2026-06-12 16:30:34
2288,500,14,5,26.5,2026-06-19 07:26:01
2289,274,19,4,187.2,2026-05-10 05:46:33
2290,399,19,4,151.0,2026-05-25 10:42:48
2291,5,8,4,181.66,2026-06-16 03:52:41
2292,51,8,3,107.9,2026-05-18 17:50:46
2293,210,5,2,242.56,2026-06-15 19:33:17
2294,493,14,5,226.49,2026-07-13 21:12:20
2295,437,10,5,354.68,2026-06-29 18:05:08
2296,103,15,3,65.18,2026-04-23 14:27:38
2297,131,11,1,346.8,2026-07-19 06:11:27
2298,311,6,3,252.63,2026-05-14 02:36:02
2299,143,11,4,38.8,2026-05-12 07:19:06
2300,481,8,2,32.09,2026-07-08 07:25:51
2301,187,14,4,238.54,2026-05-07 09:20:35
2302,62,9,2,377.02,2026-07-07 21:15:34
2303,138,16,2,161.11,2026-05-27 10:13:57
2304,49,14,2,78.55,2026-07-02 10:52:13
2305,187,6,1,207.5,2026-05-25 18:25:44
2306,362,13,2,198.55,2026-06-24 14:39:33
2307,104,14,2,247.67,2026-06-30 01:52:57
2308,368,6,1,233.36,2026-07-17 15:18:47
2309,55,17,1,300.14,2026-06-26 10:34:58
2310,433,17,2,187.54,2026-05-14 23:33:55
2311,118,18,5,176.64,2026-04-29 16:39:35
2312,218,7,1,233.9,2026-05-01 13:07:49
2313,61,20,2,281.52,2026-05-20 13:42:23
2314,448,17,4,291.67,2026-05-01 21:58:43
2315,128,4,5,355.8,2026-07-02 12:13:33
2316,364,16,3,367.77,2026-07-21 03:45:19
2317,293,17,4,379.74,2026-06-21 22:51:33
2318,213,18,3,171.88,2026-07-18 05:32:49
2319,148,14,2,301.06,2026-04-26 19:18:09
2320,158,7,2,328.54,2026-06-10 06:35:07
2321,80,7,2,54.48,2026-05-19 20:30:46
2322,160,12,2,15.95,2026-05-09 16:25:51
2323,389,3,3,25.46,2026-07-09 05:33:50
2324,168,18,4,384.18,2026-06-09 10:32:25
2325,168,20,3,277.36,2026-07-12 16:24:24
2326,320,13,2,318.04,2026-06-01 01:27:23
2327,403,12,5,120.24,2026-06-26 05:05:59
2328,223,3,2,101.35,2026-05-03 05:48:41
2329,362,2,3,105.48,2026-07-17 16:22:44
2330,170,2,3,208.66,2026-05-08 17:58:32
2331,135,10,5,23.78,2026-06-04 04:26:26
2332,213,20,5,227.64,2026-06-09 18:20:12
2333,113,4,5,183.49,2026-05-25 18:57:06
2334,194,11,4,146.21,2026-05-06 08:41:36
2335,91,8,1,261.27,2026-04-26 08:10:06
2336,171,9,2,107.86,2026-05-22 05:26:11
2337,298,2,4,354.4,2026-07-08 14:45:30
2338,361,20,4,52.56,2026-07-09 15:37:39
2339,460,10,5,125.56,2026-07-03 02:19:25
2340,398,3,4,278.2,2026-04-26 13:59:12
2341,356,11,3,268.08,2026-04-24 07:15:53
2342,125,11,4,349.54,2026-05-22 16:05:36
2343,302,17,5,27.79,2026-07-17 20:49:05
2344,491,1,3,188.05,2026-06-08 00:34:02
2345,372,19,2,301.45,2026-06-10 14:42:06
2346,234,19,4,328.01,2026-05-24 05:15:27
2347,122,12,1,289.87,2026-06-28 06:07:21
2348,415,11,1,372.67,2026-06-25 19:45:24
2349,246,19,4,91.6,2026-06-09 05:52:53
2350,1,9,1,110.01,2026-05-12 05:40:01
2351,236,6,3,23.73,2026-05-11 04:26:08
2352,102,9,2,186.87,2026-05-03 08:54:47
2353,496,5,5,230.68,2026-05-03 00:04:17
2354,240,5,2,187.77,2026-06-07 01:34:26
2355,202,1,2,282.37,2026-05-31 05:01:16
2356,209,8,4,303.9,2026-05-20 04:21:33
2357,468,4,3,387.42,2026-04-25 01:28:43
2358,353,6,3,396.25,2026-05-31 06:37:51
2359,314,18,3,20.59,2026-05-14 02:46:21
2360,227,14,2,253.15,2026-05-01 17:12:03
2361,141,15,3,350.92,2026-06-08 06:20:54
2362,160,20,5,203.42,2026-05-25 12:53:13
2363,343,10,1,220.54,2026-05-02 17:17:01
2364,157,16,4,81.16,2026-05-02 04:08:19
2365,208,20,5,384.56,2026-07-18 23:03:54
2366,446,15,5,380.93,2026-06-10 08:52:33
2367,241,11,4,71.25,2026-06-08 02:28:56
2368,219,9,2,179.64,2026-07-14 02:55:49
2369,36,20,2,149.86,2026-05-28 01:46:30
2370,489,8,4,225.44,2026-06-18 11:10:52
2371,427,4,5,245.78,2026-05-18 23:37:43
2372,112,5,1,73.87,2026-07-07 21:17:35
2373,214,16,3,169.51,2026-06-18 19:55:46
2374,474,8,3,278.45,2026-07-20 16:49:13
2375,454,17,4,204.11,2026-07-16 19:41:21
2376,362,5,4,319.62,2026-07-21 00:18:14
2377,171,20,1,254.28,2026-06-02 15:09:44
2378,456,15,5,335.24,2026-05-03 10:16:18
2379,393,5,2,314.29,2026-05-02 22:05:59
2380,478,14,2,351.74,2026-05-29 06:51:39
2381,401,13,4,118.5,2026-06-06 13:43:03
2382,235,13,1,186.26,2026-05-04 22:44:00
2383,2,13,5,20.75,2026-06-04 10:40:09
2384,474,14,2,74.01,2026-07-18 02:10:00
2385,123,9,2,116.67,2026-05-20 13:29:43
2386,229,6,5,204.6,2026-05-01 04:49:30
2387,202,9,4,207.21,2026-06-25 03:37:40
2388,394,13,2,67.53,2026-07-03 03:11:20
2389,41,1,3,384.48,2026-05-14 08:03:14
2390,450,17,5,337.98,2026-05-03 10:56:18
2391,344,5,2,21.07,2026-05-03 02:04:14
2392,80,18,4,379.87,2026-05-23 15:57:01
2393,431,19,1,357.21,2026-07-18 01:31:18
2394,167,17,3,23.37,2026-07-13 23:38:35
2395,357,1,5,17.15,2026-05-30 00:47:40
2396,385,6,4,97.54,2026-05-18 15:25:45
2397,475,7,5,361.4,2026-05-28 00:50:11
2398,26,16,1,236.51,2026-04-25 20:17:55
2399,349,8,5,292.82,2026-06-23 23:40:30
2400,459,9,5,371.16,2026-07-14 23:54:01
2401,307,5,5,157.14,2026-05-11 04:16:05
2402,421,1,1,132.59,2026-05-01 09:58:35
2403,462,14,1,200.43,2026-05-01 22:38:44
2404,52,10,3,27.93,2026-06-15 17:53:06
2405,281,17,5,116.85,2026-06-28 04:50:57
2406,23,20,3,170.96,2026-06-25 04:04:11
2407,373,16,2,193.21,2026-06-12 14:55:22
2408,115,13,1,245.64,2026-06-22 16:18:23
2409,344,15,1,213.41,2026-07-05 08:35:45
2410,118,15,3,276.11,2026-06-01 05:33:46
2411,372,16,5,222.65,2026-05-05 21:06:37
2412,23,13,4,135.03,2026-06-19 20:51:52
2413,335,8,1,169.83,2026-05-02 11:21:36
2414,445,8,1,168.31,2026-06-28 04:49:27
2415,250,3,3,27.94,2026-07-13 17:40:49
2416,359,13,1,383.78,2026-06-18 09:05:56
2417,461,2,5,398.59,2026-05-07 16:59:10
2418,109,18,4,179.62,2026-06-25 19:57:04
2419,139,13,1,387.5,2026-06-22 18:06:47
2420,308,17,4,55.27,2026-06-03 17:27:19
2421,423,18,1,311.93,2026-06-11 11:38:35
2422,206,16,1,279.34,2026-05-29 08:13:25
2423,1,16,5,219.97,2026-05-21 21:02:40
2424,67,9,4,249.89,2026-06-23 14:22:08
2425,333,19,1,251.97,2026-06-18 15:04:29
2426,15,18,4,382.99,2026-05-05 02:29:51
2427,102,13,1,196.36,2026-04-29 20:20:04
2428,317,10,5,279.89,2026-07-05 04:22:26
2429,494,19,5,259.58,2026-04-24 00:28:21
2430,56,14,4,173.96,2026-07-11 16:31:32
2431,245,17,5,378.46,2026-05-02 02:39:28
2432,348,11,3,150.5,2026-05-12 23:35:19
2433,273,3,5,68.61,2026-07-17 14:33:49
2434,191,20,3,230.89,2026-06-28 03:09:33
2435,228,19,3,144.9,2026-04-25 18:27:44
2436,403,9,1,50.78,2026-06-28 02:06:51
2437,76,12,3,86.77,2026-05-01 17:38:00
2438,66,8,4,51.17,2026-04-28 22:16:35
2439,373,16,4,83.79,2026-06-08 23:28:09
2440,436,13,4,341.62,2026-06-18 20:21:46
2441,280,5,1,306.17,2026-05-30 06:52:12
2442,490,9,2,354.75,2026-04-27 02:23:45
2443,281,12,5,209.89,2026-06-08 22:10:51
2444,312,16,3,254.04,2026-06-05 19:38:14
2445,132,6,1,328.47,2026-05-27 15:15:38
2446,264,17,5,50.17,2026-05-04 02:28:18
2447,405,5,5,279.35,2026-07-17 10:46:11
2448,375,7,4,295.61,2026-06-09 07:30:30
2449,160,1,1,245.17,2026-07-01 14:58:48
2450,228,6,1,29.05,2026-06-04 21:01:27
2451,359,20,1,341.41,2026-07-04 22:49:26
2452,137,20,1,366.43,2026-04-23 11:48:15
2453,116,7,1,267.73,2026-06-04 05:12:17
2454,39,18,4,79.47,2026-06-11 00:38:54
2455,455,11,4,345.75,2026-06-05 05:12:15
2456,388,3,2,113.5,2026-04-28 14:05:55
2457,34,4,1,266.02,2026-05-06 17:38:16
2458,255,2,1,348.16,2026-06-21 13:43:28
2459,486,1,5,125.11,2026-05-15 20:25:11
2460,134,7,3,243.13,2026-07-18 20:26:39
2461,434,3,1,313.11,2026-05-06 08:13:21
2462,370,11,5,86.74,2026-07-09 12:51:29
2463,372,1,1,267.05,2026-06-22 16:07:56
2464,88,8,1,320.34,2026-05-20 09:56:32
2465,254,1,1,269.01,2026-05-14 06:57:21
2466,484,3,1,172.99,2026-04-29 09:13:58
2467,64,15,4,25.95,2026-04-26 11:13:56
2468,145,4,3,307.46,2026-04-28 22:26:41
2469,318,8,4,159.79,2026-05-27 06:49:10
2470,55,17,1,57.26,2026-07-07 15:59:08
2471,483,3,5,209.93,2026-06-25 21:22:12
2472,403,14,5,163.45,2026-05-14 08:44:49
2473,71,1,3,97.37,2026-07-20 12:21:33
2474,412,10,4,375.59,2026-06-08 02:39:29
2475,373,3,4,172.84,2026-06-20 11:20:46
2476,226,8,1,213.4,2026-04-27 08:25:28
2477,485,5,2,217.03,2026-06-13 21:53:06
2478,378,2,1,190.97,2026-05-26 02:01:02
2479,322,5,2,32.7,2026-07-14 16:14:27
2480,39,13,1,30.88,2026-05-12 19:18:48
2481,338,7,4,112.68,2026-06-16 17:13:00
2482,58,17,3,123.17,2026-06-01 08:05:55
2483,121,17,4,96.25,2026-06-10 04:36:13
2484,371,11,2,62.89,2026-05-08 07:39:12
2485,37,14,5,207.24,2026-07-12 08:16:49
2486,70,13,2,327.76,2026-07-04 00:21:03
2487,188,10,1,341.83,2026-05-12 19:49:03
2488,171,7,1,100.2,2026-07-12 21:01:58
2489,113,14,5,22.78,2026-04-23 15:07:59
2490,267,13,4,151.46,2026-07-21 02:09:45
2491,275,12,3,45.88,2026-07-03 09:53:11
2492,10,10,1,331.99,2026-07-14 00:16:01
2493,55,3,5,139.35,2026-05-01 21:57:43
2494,445,15,2,329.17,2026-06-06 23:41:00
2495,50,2,5,18.38,2026-06-14 01:34:49
2496,355,11,2,274.88,2026-06-06 13:32:52
2497,368,15,3,74.8,2026-05-07 06:29:13
2498,126,5,2,311.86,2026-06-18 00:15:23
2499,139,8,1,149.9,2026-06-17 14:04:46
2500,357,5,1,194.79,2026-04-24 03:27:18
